timestamp_s,frame_id,kf_id,kf_timestamp,kf_queue_sz,total_ms,lba_ms,lba_done,lba_aborted,consec_ba_abort,opt_kfs,fixed_kfs,mps_ba,edges_ba,mps_in_map,mps_culled,new_mps,kfs_in_map,kfs_culled,scale,scale_drift,scale_adj_count,imu_init,viba_stage,alert,alert_reason
5.746217,0,0,1403715273.262143,2,7.923914,0.000000,0,0,0,0,0,0,0,1423,0,1065,2,0,1.000000,0.000000,0,0,0,OK,OK
5.757210,111,1,1403715278.812143,1,3.945167,0.000000,0,0,0,0,0,0,0,1429,0,6,2,0,1.000000,0.000000,0,0,0,OK,OK
5.773385,112,2,1403715278.862143,1,10.434856,7.352004,1,0,0,3,1,0,2330,889,631,91,3,0,1.000000,0.000000,0,0,0,OK,OK
5.823594,113,3,1403715278.912143,1,12.728560,6.641656,1,0,0,4,1,0,2628,801,221,146,4,0,1.000000,0.000000,0,0,0,OK,OK
5.873113,114,4,1403715278.962143,1,15.896833,8.924063,1,0,0,5,1,0,3460,963,16,220,5,0,1.000000,0.000000,0,0,0,OK,OK
5.925901,115,5,1403715279.012143,1,18.691938,11.766962,1,0,0,6,1,0,4225,1060,18,200,6,0,1.000000,0.000000,0,0,0,OK,OK
6.030248,117,6,1403715279.112143,1,20.100499,12.317945,1,0,0,7,1,0,4843,1132,25,194,7,0,1.000000,0.000000,0,0,0,OK,OK
6.133055,119,7,1403715279.212143,1,22.714345,14.041171,1,0,0,8,1,0,5389,1124,57,172,8,0,1.000000,0.000000,0,0,0,OK,OK
6.186352,120,8,1403715279.262143,1,25.213820,16.144084,1,0,0,9,1,0,6096,1155,21,170,9,0,1.000000,0.000000,0,0,0,OK,OK
6.236152,121,9,1403715279.312143,1,26.935523,16.840404,1,0,0,10,1,0,6681,1167,31,155,9,1,1.000000,0.000000,0,0,0,OK,OK
6.339865,123,10,1403715279.412143,1,28.264833,17.605422,1,0,0,10,1,0,6649,1164,19,157,9,1,1.000000,0.000000,0,0,0,OK,OK
6.392605,124,11,1403715279.462143,1,26.792218,16.521083,1,0,0,10,1,0,6573,1156,21,155,9,1,1.000000,0.000000,0,0,0,OK,OK
6.495903,126,12,1403715279.562143,1,28.867063,17.876493,1,0,0,10,1,0,6595,1150,14,161,10,0,1.000000,0.000000,0,0,0,OK,OK
6.598108,128,13,1403715279.662143,1,30.422740,18.149470,1,0,0,11,1,0,7138,1164,17,162,9,2,1.000000,0.000000,0,0,0,OK,OK
6.649961,129,14,1403715279.712143,1,29.197955,17.511774,1,0,0,10,1,0,6554,1166,0,191,10,0,1.000000,0.000000,0,0,0,OK,OK
6.752566,131,15,1403715279.812143,1,30.954590,18.682330,1,0,0,11,1,0,7252,1178,8,169,10,1,1.000000,0.000000,0,0,0,OK,OK
6.805118,132,16,1403715279.862143,1,30.879414,18.536935,1,0,0,11,1,0,7247,1194,8,167,10,1,1.000000,0.000000,0,0,0,OK,OK
6.906342,134,17,1403715279.962143,1,32.869751,20.259996,1,0,0,11,1,0,7359,1226,8,198,10,1,1.000000,0.000000,0,0,0,OK,OK
6.957662,135,18,1403715280.012143,1,31.824795,19.331219,1,0,0,11,1,0,7430,1255,11,202,11,0,1.000000,0.000000,0,0,0,OK,OK
7.011124,136,19,1403715280.062143,1,33.499142,20.944257,1,0,0,12,1,0,8090,1297,16,206,11,1,1.000000,0.000000,0,0,0,OK,OK
7.062991,137,20,1403715280.112143,1,33.213715,20.917632,1,0,0,12,1,0,8069,1310,11,203,11,1,1.000000,0.000000,0,0,0,OK,OK
7.114572,138,21,1403715280.162143,1,33.330854,20.896904,1,0,0,12,1,0,8093,1315,14,208,11,1,1.000000,0.000000,0,0,0,OK,OK
7.166269,139,22,1403715280.212143,1,32.862573,20.632583,1,0,0,12,1,0,8008,1305,17,194,11,1,1.000000,0.000000,0,0,0,OK,OK
7.217502,140,23,1403715280.262143,1,33.604129,20.929852,1,0,0,12,1,0,7940,1309,12,192,11,1,1.000000,0.000000,0,0,0,OK,OK
7.269471,141,24,1403715280.312143,1,33.061379,20.665671,1,0,0,12,1,0,7919,1307,8,202,12,0,1.000000,0.000000,0,0,0,OK,OK
7.321010,142,25,1403715280.362143,1,38.303319,23.628611,1,0,0,13,1,0,8654,1348,7,203,12,1,1.000000,0.000000,0,0,0,OK,OK
7.371588,143,26,1403715280.412143,1,36.891717,22.650065,1,0,0,13,1,0,8621,1349,14,183,12,1,1.000000,0.000000,0,0,0,OK,OK
7.475883,145,27,1403715280.512143,1,37.220360,23.298101,1,0,0,13,1,0,8615,1357,20,201,12,1,1.000000,0.000000,0,0,0,OK,OK
7.525335,146,28,1403715280.562143,1,36.473016,22.943061,1,0,0,13,1,0,8608,1335,28,177,13,0,1.000000,0.000000,0,0,0,OK,OK
7.577126,147,29,1403715280.612143,1,41.732051,27.073966,1,0,0,14,1,0,9195,1365,23,177,13,1,1.000000,0.000000,0,0,0,OK,OK
7.631123,148,30,1403715280.662143,1,41.891991,25.981820,1,0,0,14,1,0,9053,1352,10,150,13,1,1.000000,0.000000,0,0,0,OK,OK
7.682224,149,31,1403715280.712143,1,39.377969,24.449817,1,0,0,14,1,0,8988,1377,5,176,14,0,1.000000,0.000000,0,0,0,OK,OK
7.733856,150,32,1403715280.762143,1,43.291197,26.810520,1,0,0,15,1,0,9511,1367,14,152,14,1,1.000000,0.000000,0,0,0,OK,OK
7.783308,151,33,1403715280.812143,1,41.882948,26.017816,1,0,0,15,1,0,9350,1371,12,162,14,1,1.000000,0.000000,0,0,0,OK,OK
7.834407,152,34,1403715280.862143,1,42.028902,26.511187,1,0,0,15,1,0,9422,1360,0,157,13,2,1.000000,0.000000,0,0,0,OK,OK
7.885640,153,35,1403715280.912143,1,38.080528,23.714408,1,0,0,14,1,0,8812,1358,6,155,14,0,1.000000,0.000000,0,0,0,OK,OK
7.991108,155,36,1403715281.012143,1,40.235148,23.831635,1,0,0,15,1,0,9354,1418,16,193,14,1,1.000000,0.000000,0,0,0,OK,OK
8.043595,156,37,1403715281.062143,1,39.154097,23.969505,1,0,0,15,1,0,9345,1403,8,155,15,0,1.000000,0.000000,0,0,0,OK,OK
8.146939,158,38,1403715281.162143,1,42.560004,26.236268,1,0,0,16,1,0,9876,1446,11,184,15,1,1.000000,0.000000,0,0,0,OK,OK
8.250674,160,39,1403715281.262143,1,41.824542,25.983519,1,0,0,16,1,0,9820,1453,17,197,15,1,1.000000,0.000000,0,0,0,OK,OK
8.405859,163,40,1403715281.412143,1,44.535029,27.916772,1,0,0,16,1,0,9799,1463,6,188,16,0,1.000000,0.000000,0,0,0,OK,OK
8.456533,164,41,1403715281.462143,1,46.754884,28.005544,1,0,0,17,1,0,10424,1503,15,191,16,1,1.000000,0.000000,0,0,0,OK,OK
8.506356,165,42,1403715281.512143,1,47.638591,29.831259,1,0,0,17,1,0,10482,1501,5,162,16,1,1.000000,0.000000,0,0,0,OK,OK
8.560119,166,43,1403715281.562143,1,56.549827,39.884388,1,0,0,17,1,0,10406,1502,13,167,16,1,1.000000,0.000000,0,0,0,OK,OK
8.662502,168,44,1403715281.662143,1,46.926733,29.627636,1,0,0,17,1,0,10370,1509,7,171,17,0,1.000000,0.000000,0,0,0,OK,OK
8.764561,170,45,1403715281.762143,1,54.038654,36.088952,1,0,0,18,1,0,10932,1532,18,180,17,1,1.000000,0.000000,0,0,0,OK,OK
8.867829,172,46,1403715281.862143,1,48.265881,30.500341,1,0,0,18,1,0,10814,1511,12,146,17,1,1.000000,0.000000,0,0,0,OK,OK
8.971124,174,47,1403715281.962143,1,53.965008,36.924634,1,0,0,18,1,0,10712,1523,18,156,17,1,1.000000,0.000000,0,0,0,OK,OK
9.074203,176,48,1403715282.062143,1,49.846118,32.920456,1,0,0,18,1,0,10679,1564,12,193,17,1,1.000000,0.000000,0,0,0,OK,OK
9.179334,178,49,1403715282.162143,1,52.700192,35.993303,1,0,0,18,1,0,10744,1573,14,174,17,1,1.000000,0.000000,0,0,0,OK,OK
9.280999,180,50,1403715282.262143,1,50.308709,33.399321,1,0,0,18,1,0,10725,1598,29,167,18,0,1.000000,0.000000,0,0,0,OK,OK
9.334373,181,51,1403715282.312143,1,52.263696,35.284689,1,0,0,19,1,0,11182,1624,18,139,19,0,1.000000,0.000000,0,0,0,OK,OK
9.438807,183,52,1403715282.412143,1,58.261440,39.520569,1,0,0,20,1,0,11665,1644,24,150,19,1,1.000000,0.000000,0,0,0,OK,OK
9.543358,185,53,1403715282.512143,1,56.565650,38.147701,1,0,0,20,1,0,11597,1669,24,172,19,1,1.000000,0.000000,0,0,0,OK,OK
9.645855,187,54,1403715282.612143,1,56.820000,39.514120,1,0,0,20,1,0,11535,1698,23,167,20,0,1.000000,0.000000,0,0,0,OK,OK
9.748534,189,55,1403715282.712143,1,59.034645,40.337495,1,0,0,21,1,0,11989,1770,29,200,20,1,1.000000,0.000000,0,0,0,OK,OK
9.850433,191,56,1403715282.812143,1,59.439715,41.033894,1,0,0,21,1,0,11951,1779,23,179,21,0,1.000000,0.000000,0,0,0,OK,OK
9.955913,193,57,1403715282.912143,1,58.085399,39.283570,1,0,0,22,1,0,12408,1819,26,183,22,0,1.000000,0.000000,0,0,0,OK,OK
10.059891,195,58,1403715283.012143,1,59.166239,39.566963,1,0,0,23,1,0,12828,1832,30,177,22,1,1.000000,0.000000,0,0,0,OK,OK
10.162101,197,59,1403715283.112143,1,67.018021,47.376856,1,0,0,23,1,0,12702,1835,33,163,23,0,1.000000,0.000000,0,0,0,OK,OK
10.265858,199,60,1403715283.212143,1,66.539964,44.709250,1,0,0,24,1,0,13209,1877,25,166,23,1,1.000000,0.000000,0,0,0,OK,OK
10.369214,201,61,1403715283.312143,1,65.978931,46.034149,1,0,0,24,1,0,13135,1909,33,185,24,0,1.000000,0.000000,0,0,0,OK,OK
10.471906,203,62,1403715283.412143,1,65.179053,45.538334,1,0,0,25,1,0,13589,1923,27,158,25,0,1.000000,0.000000,0,0,0,OK,OK
10.576865,205,63,1403715283.512143,1,75.637614,52.456184,1,0,0,26,1,0,14137,1958,38,166,25,1,1.000000,0.000000,0,0,0,OK,OK
10.680044,207,64,1403715283.612143,1,68.735106,46.334517,1,0,0,26,1,0,14057,1959,24,147,26,0,1.000000,0.000000,0,0,0,OK,OK
10.782648,209,65,1403715283.712143,1,68.433193,45.295638,1,0,0,27,1,0,14569,2009,27,164,26,1,1.000000,0.000000,0,0,0,OK,OK
10.939906,212,66,1403715283.862143,1,74.512363,51.335244,1,0,0,27,1,0,14612,2041,27,179,27,0,1.000000,0.000000,0,0,0,OK,OK
11.094394,215,67,1403715284.012143,1,78.697393,54.942768,1,0,0,28,1,0,15369,2138,14,219,27,1,1.000000,0.000000,0,0,0,OK,OK
11.197780,217,68,1403715284.112143,1,76.605751,53.318095,1,0,0,28,1,0,15396,2155,23,188,28,0,1.000000,0.000000,0,0,0,OK,OK
11.302179,219,69,1403715284.212143,1,85.539198,58.445949,1,0,0,29,1,0,15757,2152,42,162,29,0,1.000000,0.000000,0,0,0,OK,OK
11.455067,222,70,1403715284.362143,1,79.942605,53.770877,1,0,0,30,1,0,16273,2199,34,206,29,1,1.000000,0.000000,0,0,0,OK,OK
11.663401,226,71,1403715284.562143,1,92.356460,66.858031,1,0,0,30,1,0,16281,2206,58,224,29,1,1.000000,0.000000,0,0,0,OK,OK
11.768003,228,72,1403715284.662143,1,83.416317,58.827447,1,0,0,30,1,0,16268,2206,14,181,30,0,1.000000,0.000000,0,0,0,OK,OK
11.869864,230,73,1403715284.762143,1,87.007845,60.405412,1,0,0,31,1,0,16811,2194,28,154,30,1,1.000000,0.000000,0,0,0,OK,OK
11.975311,232,74,1403715284.862143,1,83.671319,55.936545,1,0,0,31,1,0,16690,2200,22,166,29,2,1.000000,0.000000,0,0,0,OK,OK
12.077344,234,75,1403715284.962143,1,82.798035,56.842847,1,0,0,30,1,0,16024,2182,18,179,30,0,1.000000,0.000000,0,0,0,OK,OK
12.181576,236,76,1403715285.062143,1,80.462987,54.555353,1,0,0,31,1,0,16594,2209,21,190,30,1,1.000000,0.000000,0,0,0,OK,OK
12.286625,238,77,1403715285.162143,1,83.876218,57.671090,1,0,0,31,1,0,16539,2199,28,163,30,1,1.000000,0.000000,0,0,0,OK,OK
12.388891,240,78,1403715285.262143,1,84.419412,56.357110,1,0,0,31,1,0,16415,2178,28,160,30,1,1.000000,0.000000,0,0,0,OK,OK
12.491712,242,79,1403715285.362143,1,88.642226,62.895657,1,0,0,31,1,0,16269,2167,16,153,30,1,1.000000,0.000000,0,0,0,OK,OK
12.595704,244,80,1403715285.462143,1,92.604394,66.876696,1,0,0,31,1,0,16274,2200,18,203,30,1,1.000000,0.000000,0,0,0,OK,OK
12.700574,246,81,1403715285.562143,1,80.959551,55.091415,1,0,0,31,1,0,16368,2239,16,222,31,0,1.000000,0.000000,0,0,0,OK,OK
12.802996,248,82,1403715285.662143,1,97.532605,71.914638,1,0,0,32,1,0,17009,2302,18,228,32,0,1.000000,0.000000,0,0,0,OK,OK
12.906659,250,83,1403715285.762143,1,86.377924,60.206229,1,0,0,33,1,0,17539,2337,39,236,32,1,1.000000,0.000000,0,0,0,OK,OK
13.011412,252,84,1403715285.862143,1,91.273740,64.416842,1,0,0,33,1,0,17572,2318,34,213,32,1,1.000000,0.000000,0,0,0,OK,OK
13.114930,254,85,1403715285.962143,1,91.027033,65.227901,1,0,0,33,1,0,17533,2317,27,202,32,1,1.000000,0.000000,0,0,0,OK,OK
13.218203,256,86,1403715286.062143,1,86.981238,60.890837,1,0,0,33,1,0,17501,2305,25,192,33,0,1.000000,0.000000,0,0,0,OK,OK
13.320575,258,87,1403715286.162143,1,93.714075,63.179431,1,0,0,34,1,0,18065,2324,22,181,33,1,1.000000,0.000000,0,0,0,OK,OK
13.478452,261,88,1403715286.312143,1,92.958606,65.106804,1,0,0,34,1,0,18040,2362,22,220,33,1,1.000000,0.000000,0,0,0,OK,OK
13.580616,263,89,1403715286.412143,1,99.399085,72.418473,1,0,0,34,1,0,18017,2363,12,176,33,1,1.000000,0.000000,0,0,0,OK,OK
13.683079,265,90,1403715286.512143,1,91.157686,65.170290,1,0,0,34,1,0,17956,2369,33,199,34,0,1.000000,0.000000,0,0,0,OK,OK
13.786502,267,91,1403715286.612143,1,88.420482,60.023672,1,0,0,28,8,0,18372,2398,14,183,34,1,1.000000,0.000000,0,0,0,OK,OK
13.890323,269,92,1403715286.712143,1,86.884436,60.232994,1,0,0,28,8,0,18324,2409,28,204,35,0,1.000000,0.000000,0,0,0,OK,OK
13.992561,271,93,1403715286.812143,1,78.014528,51.207516,1,0,0,25,11,0,16074,2439,15,179,35,1,1.000000,0.000000,0,0,0,OK,OK
14.254235,276,94,1403715287.062143,1,75.902883,49.613136,1,0,0,25,11,0,16007,2441,46,210,35,1,1.000000,0.000000,0,0,0,OK,OK
14.357831,278,95,1403715287.162143,1,70.187850,43.757325,1,0,0,25,11,0,15874,2450,5,185,35,1,1.000000,0.000000,0,0,0,OK,OK
14.458581,280,96,1403715287.262143,1,73.672753,49.096083,1,0,0,25,11,0,15748,2446,29,194,36,0,1.000000,0.000000,0,0,0,OK,OK
14.562881,282,97,1403715287.362143,1,80.164043,54.998749,1,0,0,26,11,0,16236,2460,24,185,36,1,1.000000,0.000000,0,0,0,OK,OK
14.719638,285,98,1403715287.512143,1,80.597359,57.260172,1,0,0,26,11,0,16319,2498,16,213,36,1,1.000000,0.000000,0,0,0,OK,OK
14.821778,287,99,1403715287.612143,1,73.711841,50.286307,1,0,0,25,12,0,16168,2530,14,200,36,1,1.000000,0.000000,0,0,0,OK,OK
14.926106,289,100,1403715287.712143,1,77.023332,53.378901,1,0,0,25,12,0,16269,2587,20,245,36,1,1.000000,0.000000,0,0,0,OK,OK
15.030651,291,101,1403715287.812143,1,68.449187,45.337517,1,0,0,24,13,0,15875,2556,22,182,37,0,1.000000,0.000000,0,0,0,OK,OK
15.132780,293,102,1403715287.912143,1,76.521131,51.821375,1,0,0,25,13,0,16381,2579,21,183,37,1,1.000000,0.000000,0,0,0,OK,OK
15.236882,295,103,1403715288.012143,1,76.806530,53.249694,1,0,0,25,13,0,16317,2604,16,190,37,1,1.000000,0.000000,0,0,0,OK,OK
15.341388,297,104,1403715288.112143,1,78.671602,56.460462,1,0,0,24,14,0,15789,2598,18,173,37,1,1.000000,0.000000,0,0,0,OK,OK
15.444583,299,105,1403715288.212143,1,68.612811,47.236330,1,0,0,24,14,0,15666,2598,15,167,38,0,1.000000,0.000000,0,0,0,OK,OK
15.546899,301,106,1403715288.312143,1,68.274085,44.367734,1,0,0,25,14,0,16150,2599,20,153,38,1,1.000000,0.000000,0,0,0,OK,OK
15.756256,305,107,1403715288.512143,1,64.881600,43.158286,1,0,0,24,15,0,15247,2578,31,142,39,0,1.000000,0.000000,0,0,0,OK,OK
16.013649,310,108,1403715288.762143,1,88.810106,59.195171,1,0,0,25,15,0,15772,2663,9,199,39,1,1.000000,0.000000,0,0,0,OK,OK
16.172797,313,109,1403715288.912143,1,79.176660,52.710049,1,0,0,25,15,0,15846,2687,11,186,40,0,1.000000,0.000000,0,0,0,OK,OK
16.273382,315,110,1403715289.012143,1,80.820240,55.426629,1,0,0,26,15,0,16332,2734,15,200,41,0,1.000000,0.000000,0,0,0,OK,OK
16.378857,317,111,1403715289.112143,1,84.118233,58.232276,1,0,0,28,14,0,17625,2761,17,202,41,1,1.000000,0.000000,0,0,0,OK,OK
16.481318,319,112,1403715289.212143,1,76.647675,51.149958,1,0,0,28,14,0,17627,2764,16,181,41,1,1.000000,0.000000,0,0,0,OK,OK
16.585735,321,113,1403715289.312143,1,81.923821,56.177420,1,0,0,27,15,0,16840,2781,23,198,42,0,1.000000,0.000000,0,0,0,OK,OK
16.689058,323,114,1403715289.412143,1,81.346359,54.816960,1,0,0,28,15,0,17445,2830,22,230,42,1,1.000000,0.000000,0,0,0,OK,OK
16.794908,325,115,1403715289.512143,1,87.907041,59.883815,1,0,0,28,15,0,17612,2877,20,253,42,1,1.000000,0.000000,0,0,0,OK,OK
16.898167,327,116,1403715289.612143,1,80.350152,54.798547,1,0,0,28,15,0,17687,2907,19,238,43,0,1.000000,0.000000,0,0,0,OK,OK
17.003016,329,117,1403715289.712143,1,88.107541,61.493768,1,0,0,29,15,0,18249,2945,28,240,43,1,1.000000,0.000000,0,0,0,OK,OK
17.158506,332,118,1403715289.862143,1,85.899638,57.797298,1,0,0,29,15,0,18302,2975,30,247,43,1,1.000000,0.000000,0,0,0,OK,OK
17.470867,338,119,1403715290.162143,1,84.348800,56.694996,1,0,0,29,15,0,18340,2979,33,244,43,1,1.000000,0.000000,0,0,0,OK,OK
17.573687,340,120,1403715290.262143,1,86.850034,60.332584,1,0,0,29,15,0,18376,2977,17,211,44,0,1.000000,0.000000,0,0,0,OK,OK
17.675892,342,121,1403715290.362143,1,91.864902,63.939821,1,0,0,30,15,0,18879,3032,18,247,44,1,1.000000,0.000000,0,0,0,OK,OK
17.780149,344,122,1403715290.462143,1,87.807939,59.991720,1,0,0,30,15,0,18882,3033,19,244,44,1,1.000000,0.000000,0,0,0,OK,OK
17.883254,346,123,1403715290.562143,1,91.744276,63.449112,1,0,0,30,15,0,18826,3027,25,236,45,0,1.000000,0.000000,0,0,0,OK,OK
18.039243,349,124,1403715290.712143,1,91.546905,62.404445,1,0,0,31,15,0,19357,3067,25,247,45,1,1.000000,0.000000,0,0,0,OK,OK
18.143045,351,125,1403715290.812143,1,91.173697,62.198110,1,0,0,31,15,0,19232,3050,26,225,45,1,1.000000,0.000000,0,0,0,OK,OK
18.246494,353,126,1403715290.912143,1,95.010058,67.424981,1,0,0,31,15,0,19215,3038,25,212,46,0,1.000000,0.000000,0,0,0,OK,OK
18.350685,355,127,1403715291.012143,1,91.571053,62.841907,1,0,0,32,15,0,19702,3098,19,242,46,1,1.000000,0.000000,0,0,0,OK,OK
18.506799,358,128,1403715291.162143,1,106.454705,78.561112,1,0,0,32,15,0,19699,3096,20,234,47,0,1.000000,0.000000,0,0,0,OK,OK
18.663413,361,129,1403715291.312143,1,108.341979,76.799716,1,0,0,33,15,0,20223,3130,20,238,47,1,1.000000,0.000000,0,0,0,OK,OK
18.818416,364,130,1403715291.462143,1,111.011457,79.662156,1,0,0,32,16,0,19689,3135,21,222,47,1,1.000000,0.000000,0,0,0,OK,OK
18.972746,367,131,1403715291.612143,1,99.534440,68.905136,1,0,0,31,17,0,18772,3135,20,210,48,0,1.000000,0.000000,0,0,0,OK,OK
19.130393,370,132,1403715291.762143,1,111.937306,79.487781,1,0,0,32,17,0,19311,3171,21,231,48,1,1.000000,0.000000,0,0,0,OK,OK
19.285345,373,133,1403715291.912143,1,125.645095,92.498920,1,0,0,32,17,0,19255,3199,25,242,49,0,1.000000,0.000000,0,0,0,OK,OK
19.493569,377,134,1403715292.112143,1,143.778517,110.814849,1,0,0,33,17,0,19754,3216,41,236,50,0,1.000000,0.000000,0,0,0,OK,OK
19.701594,381,135,1403715292.312143,1,109.658849,76.322165,1,0,0,34,17,0,20344,3288,28,268,50,1,1.000000,0.000000,0,0,0,OK,OK
19.857179,384,136,1403715292.462143,1,107.828957,75.880910,1,0,0,34,17,0,20412,3318,6,250,51,0,1.000000,0.000000,0,0,0,OK,OK
20.010904,387,137,1403715292.612143,1,113.163104,79.208724,1,0,0,35,17,0,20894,3346,20,232,52,0,1.000000,0.000000,0,0,0,OK,OK
20.166915,390,138,1403715292.762143,1,128.024496,90.935733,1,0,0,37,16,0,22218,3383,23,234,52,1,1.000000,0.000000,0,0,0,OK,OK
20.322603,393,139,1403715292.912143,1,124.322771,90.092966,1,0,0,37,16,0,22081,3376,40,230,53,0,1.000000,0.000000,0,0,0,OK,OK
20.477922,396,140,1403715293.062143,1,129.344545,94.656591,1,0,0,39,15,0,23032,3423,29,248,53,1,1.000000,0.000000,0,0,0,OK,OK
20.634873,399,141,1403715293.212143,1,134.286431,99.568789,1,0,0,39,15,0,23025,3486,23,265,54,0,1.000000,0.000000,0,0,0,OK,OK
20.790591,402,142,1403715293.362143,1,142.690624,106.255745,1,0,0,40,15,0,23548,3537,33,282,55,0,1.000000,0.000000,0,0,0,OK,OK
20.945559,405,143,1403715293.512143,1,153.231095,112.539864,1,0,0,40,16,0,23612,3589,32,275,56,0,1.000000,0.000000,0,0,0,OK,OK
21.101883,408,144,1403715293.662143,1,147.113396,104.865248,1,0,0,42,15,0,24689,3621,31,244,56,1,1.000000,0.000000,0,0,0,OK,OK
21.255132,411,145,1403715293.812143,1,155.666747,116.334459,1,0,0,42,15,0,24708,3661,31,247,57,0,1.000000,0.000000,0,0,0,OK,OK
21.462854,415,146,1403715294.012143,1,161.529997,120.956916,1,0,0,43,15,0,25123,3696,48,261,57,1,1.000000,0.000000,0,0,0,OK,OK
21.670332,419,147,1403715294.212143,1,157.622027,116.335887,1,0,0,42,16,0,24618,3722,33,260,58,0,1.000000,0.000000,0,0,0,OK,OK
21.876890,423,148,1403715294.412143,1,160.856538,119.325037,1,0,0,43,16,0,25070,3718,43,224,59,0,1.000000,0.000000,0,0,0,OK,OK
22.086833,427,149,1403715294.612143,1,186.175496,145.126262,1,0,0,45,15,0,26134,3789,28,272,59,1,1.000000,0.000000,0,0,0,OK,OK
22.294478,431,150,1403715294.812143,1,178.193242,136.587263,1,0,0,45,15,0,26064,3818,33,263,60,0,1.000000,0.000000,0,0,0,OK,OK
22.503714,435,151,1403715295.012143,1,168.996288,120.986678,1,0,0,46,15,0,26630,3821,45,239,60,1,1.000000,0.000000,0,0,0,OK,OK
22.709347,439,152,1403715295.212143,1,202.974395,154.546266,1,0,0,46,15,0,26613,3853,28,226,60,1,1.000000,0.000000,0,0,0,OK,OK
22.918452,443,153,1403715295.412143,1,180.049052,137.954067,1,0,0,46,15,0,26496,3839,31,186,60,1,1.000000,0.000000,0,0,0,OK,OK
23.126045,447,154,1403715295.612143,1,180.791675,141.768245,1,0,0,47,14,0,27110,3818,31,178,61,0,1.000000,0.000000,0,0,0,OK,OK
23.334374,451,155,1403715295.812143,1,190.201999,147.490832,1,0,0,51,11,0,28509,3860,30,213,62,0,1.000000,0.000000,0,0,0,OK,OK
23.543131,455,156,1403715296.012143,1,185.985565,140.161207,1,0,0,52,11,0,29046,3935,35,254,62,1,1.000000,0.000000,0,0,0,OK,OK
23.750576,459,157,1403715296.212143,1,235.625686,188.984329,1,0,0,59,5,0,31894,3963,39,238,63,0,1.000000,0.000000,0,0,0,OK,OK
24.010737,464,158,1403715296.462143,1,233.271695,180.316869,1,0,0,64,1,0,32256,3919,45,169,64,0,1.000000,0.000000,0,0,0,OK,OK
24.268662,469,159,1403715296.712143,1,222.471017,169.954896,1,0,0,65,1,0,32750,4001,41,219,64,1,1.000000,0.000000,0,0,0,OK,OK
24.684689,477,160,1403715297.112143,1,275.132352,228.997016,1,0,0,65,1,0,32751,4056,39,219,65,0,1.000000,0.000000,0,0,0,OK,OK
24.996638,483,161,1403715297.412143,1,201.416020,158.478045,1,0,0,59,8,0,33008,4050,58,176,66,0,1.000000,0.000000,0,0,0,OK,OK
25.204181,487,162,1403715297.612143,1,202.113725,158.672498,1,0,0,59,9,0,33359,4100,56,184,66,1,1.000000,0.000000,0,0,0,OK,OK
25.409456,491,163,1403715297.812143,1,195.887023,152.387560,1,0,0,57,11,0,33362,4178,39,212,67,0,1.000000,0.000000,0,0,0,OK,OK
25.617647,495,164,1403715298.012143,1,182.660884,138.037799,1,0,0,51,18,0,32331,4217,54,192,68,0,1.000000,0.000000,0,0,0,OK,OK
25.824899,499,165,1403715298.212143,1,191.809263,148.873284,1,0,0,49,21,0,31551,4240,62,190,69,0,1.000000,0.000000,0,0,0,OK,OK
26.035106,503,166,1403715298.412143,1,176.708749,130.472416,1,0,0,45,26,0,30729,4272,54,177,70,0,1.000000,0.000000,0,0,0,OK,OK
26.242725,507,167,1403715298.612143,1,182.183661,134.488466,1,0,0,45,27,0,30266,4322,53,191,71,0,1.000000,0.000000,0,0,0,OK,OK
26.657488,515,168,1403715299.012143,1,180.013580,129.177134,1,0,0,45,28,0,30277,4344,35,151,71,1,1.000000,0.000000,0,0,0,OK,OK
26.865068,519,169,1403715299.212143,1,189.963981,137.405531,1,0,0,45,28,0,30353,4395,36,188,72,0,1.000000,0.000000,0,0,0,OK,OK
27.073390,523,170,1403715299.412143,1,181.664652,134.301105,1,0,0,46,28,0,30842,4442,34,194,73,0,1.000000,0.000000,0,0,0,OK,OK
27.279662,527,171,1403715299.612143,1,188.181528,140.242672,1,0,0,47,28,0,31550,4483,56,211,74,0,1.000000,0.000000,0,0,0,OK,OK
27.486338,531,172,1403715299.812143,1,208.957529,162.851394,1,0,0,47,29,0,31394,4479,60,190,75,0,1.000000,0.000000,0,0,0,OK,OK
27.744463,536,173,1403715300.062143,1,229.364707,187.103362,1,0,0,46,31,0,30819,4500,44,186,76,0,1.000000,0.000000,0,0,0,OK,OK
28.004693,541,174,1403715300.312143,1,206.110743,158.269414,1,0,0,46,32,0,31070,4554,38,201,77,0,1.000000,0.000000,0,0,0,OK,OK
28.262922,546,175,1403715300.562143,1,193.073935,148.811258,1,0,0,46,33,0,31046,4612,46,207,78,0,1.000000,0.000000,0,0,0,OK,OK
28.624159,553,176,1403715300.912143,1,200.561636,153.431228,1,0,0,47,33,0,31579,4697,30,221,79,0,1.000000,0.000000,0,0,0,OK,OK
28.883047,558,177,1403715301.162143,1,185.198327,137.244471,1,0,0,48,33,0,31977,4735,60,216,80,0,1.000000,0.000000,0,0,0,OK,OK
29.193791,564,178,1403715301.462143,1,228.028919,175.872795,1,0,0,48,34,0,32201,4778,41,216,81,0,1.000000,0.000000,0,0,0,OK,OK
29.556853,571,179,1403715301.812143,1,212.258019,159.628730,1,0,0,52,31,0,33687,4825,49,237,82,0,1.000000,0.000000,0,0,0,OK,OK
29.818057,576,180,1403715302.062143,1,218.511124,162.513630,1,0,0,53,31,0,34105,4800,64,206,82,1,1.000000,0.000000,0,0,0,OK,OK
30.076384,581,181,1403715302.312143,1,224.151028,171.380346,1,0,0,52,32,0,33809,4824,51,240,83,0,1.000000,0.000000,0,0,0,OK,OK
30.490403,589,182,1403715302.712143,1,219.936137,166.283353,1,0,0,55,30,0,35179,4787,55,187,83,1,1.000000,0.000000,0,0,0,OK,OK
30.747555,594,183,1403715302.962143,1,199.644522,146.785153,1,0,0,53,32,0,34216,4792,47,217,83,1,1.000000,0.000000,0,0,0,OK,OK
30.956383,598,184,1403715303.162143,1,187.124532,136.947378,1,0,0,52,33,0,33866,4794,48,203,83,1,1.000000,0.000000,0,0,0,OK,OK
31.165000,602,185,1403715303.362143,1,204.271819,158.923460,1,0,0,50,35,0,33584,4814,42,196,83,1,1.000000,0.000000,0,0,0,OK,OK
31.422214,607,186,1403715303.612143,1,148.280506,108.583908,1,0,0,42,43,0,26968,4790,43,151,84,0,1.000000,0.000000,0,0,0,OK,OK
31.576663,610,187,1403715303.762143,1,125.653966,87.366823,1,0,0,36,50,0,24278,4837,25,163,84,1,1.000000,0.000000,0,0,0,OK,OK
31.729948,613,188,1403715303.912143,1,109.189335,77.895723,1,0,0,33,53,0,22308,4850,31,147,85,0,1.000000,0.000000,0,0,0,OK,OK
31.885126,616,189,1403715304.062143,1,107.696661,77.788297,1,0,0,32,55,0,22095,4888,27,136,86,0,1.000000,0.000000,0,0,0,OK,OK
32.093862,620,190,1403715304.262143,1,89.920202,61.321168,1,0,0,25,63,0,21542,4939,43,162,87,0,1.000000,0.000000,0,0,0,OK,OK
32.507942,628,191,1403715304.662143,1,70.113886,44.539478,1,0,0,22,66,0,15732,5009,29,159,88,0,1.000000,0.000000,0,0,0,OK,OK
32.715897,632,192,1403715304.862143,1,85.512324,57.204435,1,0,0,24,65,0,20553,5058,35,153,89,0,1.000000,0.000000,0,0,0,OK,OK
33.027893,638,193,1403715305.162143,1,95.365275,67.883588,1,0,0,24,66,0,20986,5114,28,155,90,0,1.000000,0.000000,0,0,0,OK,OK
33.389632,645,194,1403715305.512143,1,77.876970,50.329275,1,0,0,24,67,0,17076,5197,41,200,91,0,1.000000,0.000000,0,0,0,OK,OK
33.648148,650,195,1403715305.762143,1,82.266702,53.142725,1,0,0,26,66,0,17630,5230,45,182,92,0,1.000000,0.000000,0,0,0,OK,OK
33.751881,652,196,1403715305.862143,1,87.026791,55.897574,1,0,0,28,65,0,18532,5283,21,166,93,0,1.000000,0.000000,0,0,0,OK,OK
33.907112,655,197,1403715306.012143,1,112.063606,78.314823,1,0,0,29,65,0,19012,5309,48,168,94,0,1.000000,0.000000,0,0,0,OK,OK
34.065149,658,198,1403715306.162143,1,92.972180,60.916650,1,0,0,30,65,0,19456,5340,39,172,95,0,1.000000,0.000000,0,0,0,OK,OK
34.167308,660,199,1403715306.262143,1,123.598383,86.580482,1,0,0,33,64,0,24940,5336,24,132,95,1,1.000000,0.000000,0,0,0,OK,OK
34.321603,663,200,1403715306.412143,1,96.108511,62.567359,1,0,0,31,65,0,19785,5364,23,162,96,0,1.000000,0.000000,0,0,0,OK,OK
34.478926,666,201,1403715306.562143,1,135.395721,95.312547,1,0,0,42,56,0,26716,5388,28,163,97,0,1.000000,0.000000,0,0,0,OK,OK
34.632675,669,202,1403715306.712143,1,152.797247,109.471683,1,0,0,46,53,0,28212,5433,34,180,98,0,1.000000,0.000000,0,0,0,OK,OK
34.791643,672,203,1403715306.862143,1,177.068342,132.370560,1,0,0,53,47,0,31356,5469,41,196,98,1,1.000000,0.000000,0,0,0,OK,OK
34.996566,676,204,1403715307.062143,1,238.886479,192.441596,1,0,0,61,39,0,38261,5491,62,226,98,1,1.000000,0.000000,0,0,0,OK,OK
35.412968,684,205,1403715307.462143,1,269.729323,213.765247,1,0,0,67,33,0,40201,5538,55,248,98,1,1.000000,0.000000,0,0,0,OK,OK
35.722562,690,206,1403715307.762143,1,313.707543,252.987008,1,0,0,71,29,0,41439,5486,64,221,98,1,1.000000,0.000000,0,0,0,OK,OK
36.082352,697,207,1403715308.112143,1,266.604207,207.692524,1,0,0,72,28,0,42522,5466,51,213,99,0,1.000000,0.000000,0,0,0,OK,OK
36.394847,703,208,1403715308.412143,1,272.676765,213.315686,1,0,0,74,27,0,42530,5503,41,224,99,1,1.000000,0.000000,0,0,0,OK,OK
37.224885,719,209,1403715309.212143,1,316.090692,245.192858,1,0,0,75,26,0,42998,5553,51,236,98,2,1.000000,0.000000,0,0,0,OK,OK
37.586958,726,210,1403715309.562143,1,261.502534,200.907251,1,0,0,71,29,0,41102,5577,60,257,99,0,1.000000,0.000000,0,0,0,OK,OK
37.897792,732,211,1403715309.862143,1,275.584921,213.375214,1,0,0,75,26,0,42871,5572,58,238,100,0,1.000000,0.000000,0,0,0,OK,OK
38.210081,738,212,1403715310.162143,1,308.826753,239.296362,1,0,0,74,28,0,43449,5586,38,235,100,1,1.000000,0.000000,0,0,0,OK,OK
38.521941,744,213,1403715310.462143,1,304.198845,236.955674,1,0,0,74,28,0,42445,5615,44,256,100,1,1.000000,0.000000,0,0,0,OK,OK
38.832354,750,214,1403715310.762143,1,246.056100,185.105286,1,0,0,63,39,0,42262,5600,34,227,101,0,1.000000,0.000000,0,0,0,OK,OK
39.090669,755,215,1403715311.012143,1,241.325169,180.339623,1,0,0,62,41,0,41690,5628,45,223,102,0,1.000000,0.000000,0,0,0,OK,OK
39.350367,760,216,1403715311.262143,1,270.816301,209.262614,1,0,0,65,39,0,42991,5670,32,210,102,1,1.000000,0.000000,0,0,0,OK,OK
39.661030,766,217,1403715311.562143,1,249.099849,187.080332,1,0,0,63,41,0,42273,5700,35,225,103,0,1.000000,0.000000,0,0,0,OK,OK
39.922380,771,218,1403715311.812143,1,265.054601,205.212520,1,0,0,62,43,0,42331,5731,42,202,103,1,1.000000,0.000000,0,0,0,OK,OK
40.230301,777,219,1403715312.112143,1,267.199327,209.576026,1,0,0,60,45,0,41494,5767,36,216,104,0,1.000000,0.000000,0,0,0,OK,OK
40.540460,783,220,1403715312.412143,1,211.974969,155.181969,1,0,0,56,50,0,39015,5803,46,218,105,0,1.000000,0.000000,0,0,0,OK,OK
40.798458,788,221,1403715312.662143,1,261.498008,206.991971,1,0,0,56,51,0,39443,5845,37,200,106,0,1.000000,0.000000,0,0,0,OK,OK
41.108913,794,222,1403715312.962143,1,156.702616,107.735253,1,0,0,34,73,0,29065,5909,46,202,107,0,1.000000,0.000000,0,0,0,OK,OK
41.314665,798,223,1403715313.162143,1,152.840910,102.786023,1,0,0,34,74,0,28856,5922,50,180,108,0,1.000000,0.000000,0,0,0,OK,OK
41.470582,801,224,1403715313.312143,1,164.515862,115.266749,1,0,0,35,74,0,29288,6006,6,192,108,1,1.000000,0.000000,0,0,0,OK,OK
41.678227,805,225,1403715313.512143,1,146.154040,94.170679,1,0,0,34,75,0,28603,6035,33,216,109,0,1.000000,0.000000,0,0,0,OK,OK
41.833629,808,226,1403715313.662143,1,151.435487,99.535618,1,0,0,34,76,0,28721,6061,12,204,110,0,1.000000,0.000000,0,0,0,OK,OK
41.988208,811,227,1403715313.812143,1,148.925054,100.977077,1,0,0,34,77,0,27764,6116,13,238,111,0,1.000000,0.000000,0,0,0,OK,OK
42.143255,814,228,1403715313.962143,1,146.483386,97.956676,1,0,0,34,78,0,27510,6142,19,243,112,0,1.000000,0.000000,0,0,0,OK,OK
42.295914,817,229,1403715314.112143,1,143.439002,96.924004,1,0,0,36,77,0,28535,6149,16,242,112,1,1.000000,0.000000,0,0,0,OK,OK
42.451624,820,230,1403715314.262143,1,142.675983,96.831619,1,0,0,37,76,0,28643,6127,15,232,112,1,1.000000,0.000000,0,0,0,OK,OK
42.603500,823,231,1403715314.412143,1,148.871218,104.824165,1,0,0,36,77,0,28368,6100,16,205,112,1,1.000000,0.000000,0,0,0,OK,OK
42.758507,826,232,1403715314.562143,1,143.724417,98.587634,1,0,0,36,77,0,27695,6124,12,244,112,1,1.000000,0.000000,0,0,0,OK,OK
42.914533,829,233,1403715314.712143,1,137.270319,91.703034,1,0,0,36,77,0,27682,6125,13,230,112,1,1.000000,0.000000,0,0,0,OK,OK
43.067266,832,234,1403715314.862143,1,128.382635,88.366310,1,0,0,35,78,0,27413,6149,15,250,113,0,1.000000,0.000000,0,0,0,OK,OK
43.220510,835,235,1403715315.012143,1,144.195049,100.198930,1,0,0,37,77,0,28028,6195,13,270,113,1,1.000000,0.000000,0,0,0,OK,OK
43.376942,838,236,1403715315.162143,1,142.634830,99.886183,1,0,0,36,78,0,27823,6213,14,285,113,1,1.000000,0.000000,0,0,0,OK,OK
43.528770,841,237,1403715315.312143,1,145.157477,100.659447,1,0,0,37,77,0,28039,6219,11,284,113,1,1.000000,0.000000,0,0,0,OK,OK
43.686165,844,238,1403715315.462143,1,134.031399,92.246392,1,0,0,36,78,0,27817,6234,8,270,114,0,1.000000,0.000000,0,0,0,OK,OK
43.838612,847,239,1403715315.612143,1,145.484810,107.129083,1,0,0,35,80,0,27844,6232,16,246,114,1,1.000000,0.000000,0,0,0,OK,OK
43.993447,850,240,1403715315.762143,1,135.401937,98.264494,1,0,0,34,81,0,27670,6263,15,298,115,0,1.000000,0.000000,0,0,0,OK,OK
44.147501,853,241,1403715315.912143,1,140.473632,95.527466,1,0,0,37,79,0,28337,6232,13,225,115,1,1.000000,0.000000,0,0,0,OK,OK
44.300216,856,242,1403715316.062143,1,146.501908,96.537680,1,0,0,38,78,0,28204,6150,14,176,116,0,1.000000,0.000000,0,0,0,OK,OK
44.456015,859,243,1403715316.212143,1,140.837526,90.997277,1,0,0,34,83,0,26516,6104,16,145,115,2,1.000000,0.000000,0,0,0,OK,OK
44.609177,862,244,1403715316.362143,1,146.394465,98.970553,1,0,0,35,81,0,29470,6146,11,204,115,1,1.000000,0.000000,0,0,0,OK,OK
44.764757,865,245,1403715316.512143,1,172.725655,125.091150,1,0,0,36,80,0,29735,6174,16,226,116,0,1.000000,0.000000,0,0,0,OK,OK
44.974222,869,246,1403715316.712143,1,175.221130,125.111089,1,0,0,40,77,0,35255,6229,34,274,116,1,1.000000,0.000000,0,0,0,OK,OK
45.177058,873,247,1403715316.912143,1,176.058128,126.493212,1,0,0,42,75,0,35885,6249,35,271,117,0,1.000000,0.000000,0,0,0,OK,OK
45.384127,877,248,1403715317.112143,1,198.624603,140.669675,1,0,0,44,74,0,36092,6299,39,264,117,1,1.000000,0.000000,0,0,0,OK,OK
45.591940,881,249,1403715317.312143,1,243.545687,191.013378,1,0,0,59,59,0,40070,6298,40,233,117,1,1.000000,0.000000,0,0,0,OK,OK
45.850835,886,250,1403715317.562143,1,245.715090,193.911497,1,0,0,64,54,0,40540,6275,34,203,118,0,1.000000,0.000000,0,0,0,OK,OK
46.108789,891,251,1403715317.812143,1,255.907767,197.085403,1,0,0,67,52,0,40193,6320,18,218,118,1,1.000000,0.000000,0,0,0,OK,OK
46.367770,896,252,1403715318.062143,1,252.138828,200.055437,1,0,0,66,53,0,38783,6359,31,189,119,0,1.000000,0.000000,0,0,0,OK,OK
46.678015,902,253,1403715318.362143,1,226.300854,176.107333,1,0,0,66,52,0,38761,6391,31,187,120,0,1.000000,0.000000,0,0,0,OK,OK
46.938151,907,254,1403715318.612143,1,226.488413,173.023932,1,0,0,58,53,0,36197,6418,38,186,120,1,1.000000,0.000000,0,0,0,OK,OK
47.195151,912,255,1403715318.862143,1,218.884460,164.550071,1,0,0,61,52,0,38666,6437,33,181,121,0,1.000000,0.000000,0,0,0,OK,OK
47.456860,917,256,1403715319.112143,1,219.030247,166.794094,1,0,0,58,53,0,36338,6494,25,167,122,0,1.000000,0.000000,0,0,0,OK,OK
47.715678,922,257,1403715319.362143,1,208.349304,158.203706,1,0,0,54,57,0,35073,6549,50,196,123,0,1.000000,0.000000,0,0,0,OK,OK
47.976015,927,258,1403715319.612143,1,202.059066,154.929417,1,0,0,53,59,0,34843,6570,47,165,123,1,1.000000,0.000000,0,0,0,OK,OK
48.181142,931,259,1403715319.812143,1,201.568931,151.496681,1,0,0,52,59,0,34532,6641,42,205,124,0,1.000000,0.000000,0,0,0,OK,OK
48.490016,937,260,1403715320.112143,1,195.671618,146.839260,1,0,0,49,63,0,34168,6691,41,179,125,0,1.000000,0.000000,0,0,0,OK,OK
48.694909,941,261,1403715320.312143,1,182.302135,132.301322,1,0,0,46,67,0,33344,6754,55,207,126,0,1.000000,0.000000,0,0,0,OK,OK
48.901947,945,262,1403715320.512143,1,147.511553,100.821949,1,0,0,34,80,0,30843,6789,68,190,127,0,1.000000,0.000000,0,0,0,OK,OK
49.058666,948,263,1403715320.662143,1,151.693757,105.068636,1,0,0,34,78,0,28368,6871,22,187,128,0,1.000000,0.000000,0,0,0,OK,OK
49.213450,951,264,1403715320.812143,1,138.398079,94.694314,1,0,0,32,70,0,25853,6904,51,175,129,0,1.000000,0.000000,0,0,0,OK,OK
49.676134,960,265,1403715321.262143,1,163.941736,116.845866,1,0,0,39,75,0,29915,6945,79,195,130,0,1.000000,0.000000,0,0,0,OK,OK
49.882946,964,266,1403715321.462143,1,162.306658,112.302469,1,0,0,38,77,0,30258,6965,45,142,131,0,1.000000,0.000000,0,0,0,OK,OK
50.143464,969,267,1403715321.712143,1,180.424291,131.157213,1,0,0,43,76,0,34141,7035,48,197,132,0,1.000000,0.000000,0,0,0,OK,OK
50.348545,973,268,1403715321.912143,1,208.896314,161.194806,1,0,0,54,66,0,36041,7064,59,180,133,0,1.000000,0.000000,0,0,0,OK,OK
50.606484,978,269,1403715322.162143,1,231.134732,179.935750,1,0,0,58,63,0,37036,7089,59,185,134,0,1.000000,0.000000,0,0,0,OK,OK
50.865154,983,270,1403715322.412143,1,226.571500,178.942318,1,0,0,58,64,0,37038,7108,48,177,135,0,1.000000,0.000000,0,0,0,OK,OK
51.122764,988,271,1403715322.662143,1,196.674980,149.318887,1,0,0,50,73,0,33319,7125,49,169,135,1,1.000000,0.000000,0,0,0,OK,OK
51.331710,992,272,1403715322.862143,1,175.405674,134.784149,1,0,0,46,74,0,30861,7185,53,201,136,0,1.000000,0.000000,0,0,0,OK,OK
51.641971,998,273,1403715323.162143,1,186.241774,143.320663,1,0,0,43,68,0,29939,7214,47,156,137,0,1.000000,0.000000,0,0,0,OK,OK
51.846803,1002,274,1403715323.362143,1,181.436936,133.168379,1,0,0,44,78,0,30728,7254,50,164,138,0,1.000000,0.000000,0,0,0,OK,OK
52.055754,1006,275,1403715323.562143,1,150.887984,101.257655,1,0,0,41,66,0,28436,7261,40,122,139,0,1.000000,0.000000,0,0,0,OK,OK
52.209719,1009,276,1403715323.712143,1,164.051285,115.550680,1,0,0,42,67,0,29168,7358,8,166,140,0,1.000000,0.000000,0,0,0,OK,OK
52.417316,1013,277,1403715323.912143,1,166.183090,121.288599,1,0,0,44,81,0,31007,7369,57,139,141,0,1.000000,0.000000,0,0,0,OK,OK
52.623381,1017,278,1403715324.112143,1,157.325596,112.736226,1,0,0,43,68,0,29591,7427,42,155,142,0,1.000000,0.000000,0,0,0,OK,OK
52.986803,1024,279,1403715324.462143,1,179.632832,131.893972,1,0,0,45,67,0,30279,7512,27,179,143,0,1.000000,0.000000,0,0,0,OK,OK
53.658955,1037,280,1403715325.112143,1,192.917709,143.869243,1,0,0,47,71,0,31655,7540,56,171,144,0,1.000000,0.000000,0,0,0,OK,OK
54.641077,1056,281,1403715326.062143,1,183.378140,133.336474,1,0,0,49,70,0,32215,7576,55,167,144,1,1.000000,0.000000,0,0,0,OK,OK
54.897846,1061,282,1403715326.312143,1,179.717262,129.975007,1,0,0,48,71,0,32028,7609,48,193,145,0,1.000000,0.000000,0,0,0,OK,OK
55.157386,1066,283,1403715326.562143,1,239.859139,188.154347,1,0,0,49,71,0,32531,7664,28,196,146,0,1.000000,0.000000,0,0,0,OK,OK
55.415645,1071,284,1403715326.812143,1,184.942357,135.864392,1,0,0,49,67,0,32062,7709,26,184,147,0,1.000000,0.000000,0,0,0,OK,OK
55.674013,1076,285,1403715327.062143,1,216.566237,161.643266,1,0,0,52,80,0,34193,7733,53,176,148,0,1.000000,0.000000,0,0,0,OK,OK
55.933433,1081,286,1403715327.312143,1,197.788158,141.309934,1,0,0,51,67,0,32952,7784,44,207,148,1,1.000000,0.000000,0,0,0,OK,OK
56.140428,1085,287,1403715327.512143,1,218.603268,167.141688,1,0,0,52,70,0,33622,7790,36,185,149,0,1.000000,0.000000,0,0,0,OK,OK
56.398757,1090,288,1403715327.762143,1,221.198890,167.559969,1,0,0,53,71,0,34426,7831,25,178,150,0,1.000000,0.000000,0,0,0,OK,OK
56.656695,1095,289,1403715328.012143,1,232.034575,177.266705,1,0,0,55,80,0,35589,7849,43,177,150,1,1.000000,0.000000,0,0,0,OK,OK
56.916312,1100,290,1403715328.262143,1,232.054566,177.398048,1,0,0,53,67,0,33968,7873,34,191,150,1,1.000000,0.000000,0,0,0,OK,OK
57.176212,1105,291,1403715328.512143,1,215.283276,159.157070,1,0,0,56,79,0,35653,7879,42,201,151,0,1.000000,0.000000,0,0,0,OK,OK
57.434345,1110,292,1403715328.762143,1,255.295092,199.973755,1,0,0,56,70,0,35465,7902,39,192,151,1,1.000000,0.000000,0,0,0,OK,OK
57.744700,1116,293,1403715329.062143,1,295.601678,231.032088,1,0,0,68,71,0,41709,7900,43,171,152,0,1.000000,0.000000,0,0,0,OK,OK
58.055668,1122,294,1403715329.362143,1,321.747248,253.449628,1,0,0,78,62,0,44550,7900,45,171,152,1,1.000000,0.000000,0,0,0,OK,OK
58.472285,1130,295,1403715329.762143,1,334.632691,266.187956,1,0,0,80,60,0,45576,7893,45,174,153,0,1.000000,0.000000,0,0,0,OK,OK
58.834454,1137,296,1403715330.112143,1,310.573965,240.691792,1,0,0,83,60,0,47189,7952,26,194,154,0,1.000000,0.000000,0,0,0,OK,OK
59.197029,1144,297,1403715330.462143,1,342.133693,273.375747,1,0,0,82,60,0,46561,7984,45,208,155,0,1.000000,0.000000,0,0,0,OK,OK
59.557558,1151,298,1403715330.812143,1,348.822418,277.422225,1,0,0,85,60,0,48210,7986,26,187,156,0,1.000000,0.000000,0,0,0,OK,OK
59.924748,1158,299,1403715331.162143,1,455.538746,375.899572,1,0,0,91,55,0,51699,8003,30,198,156,1,1.000000,0.000000,0,0,0,OK,OK
60.389560,1167,300,1403715331.612143,1,399.847270,318.652582,1,0,0,92,55,0,51945,7981,55,211,157,0,1.000000,0.000000,0,0,0,OK,OK
60.804748,1175,301,1403715332.012143,1,402.453149,320.950834,1,0,0,93,55,0,52371,7995,26,202,158,0,1.000000,0.000000,0,0,0,OK,OK
61.219450,1183,302,1403715332.412143,1,413.405259,326.051231,1,0,0,93,55,0,52607,8025,39,231,157,2,1.000000,0.000000,0,0,0,OK,OK
61.635952,1191,303,1403715332.812143,1,404.785863,319.553494,1,0,0,92,55,0,52218,8028,25,223,157,1,1.000000,0.000000,0,0,0,OK,OK
62.049933,1199,304,1403715333.212143,1,412.430518,331.317980,1,0,0,92,55,0,52050,7968,33,150,158,0,1.000000,0.000000,0,0,0,OK,OK
62.465453,1207,305,1403715333.612143,1,404.307419,321.678117,1,0,0,93,55,0,52344,7963,39,152,158,1,1.000000,0.000000,0,0,0,OK,OK
62.878975,1215,306,1403715334.012143,1,361.644225,284.314543,1,0,0,93,55,0,52283,7977,25,170,159,0,1.000000,0.000000,0,0,0,OK,OK
63.292603,1223,307,1403715334.412143,1,377.710471,295.273923,1,0,0,95,55,0,53024,7996,35,186,160,0,1.000000,0.000000,0,0,0,OK,OK
63.707056,1231,308,1403715334.812143,1,411.174990,327.063720,1,0,0,94,56,0,52709,8019,25,161,160,1,1.000000,0.000000,0,0,0,OK,OK
64.121302,1239,309,1403715335.212143,1,356.390142,282.914062,1,0,0,93,57,0,51824,8039,33,176,161,0,1.000000,0.000000,0,0,0,OK,OK
64.487228,1246,310,1403715335.562143,1,367.689353,290.559459,1,0,0,94,57,0,52246,8084,26,175,162,0,1.000000,0.000000,0,0,0,OK,OK
64.897799,1254,311,1403715335.962143,1,366.213984,291.929532,1,0,0,94,58,0,51743,8092,26,142,162,1,1.000000,0.000000,0,0,0,OK,OK
65.312955,1262,312,1403715336.362143,1,467.830553,396.356022,1,0,0,95,57,0,52707,8085,42,144,163,0,1.000000,0.000000,0,0,0,OK,OK
65.832842,1272,313,1403715336.862143,1,353.545424,282.054916,1,0,0,94,58,0,51039,8121,30,143,164,0,1.000000,0.000000,0,0,0,OK,OK
66.192525,1279,314,1403715337.212143,1,362.850158,289.569899,1,0,0,95,58,0,51437,8151,19,138,165,0,1.000000,0.000000,0,0,0,OK,OK
66.607801,1287,315,1403715337.612143,1,374.518548,300.775538,1,0,0,97,57,0,53127,8192,26,132,165,1,1.000000,0.000000,0,0,0,OK,OK
67.022324,1295,316,1403715338.012143,1,298.128101,232.829435,1,0,0,74,76,0,43782,8237,46,166,166,0,1.000000,0.000000,0,0,0,OK,OK
67.439811,1303,317,1403715338.412143,1,367.337496,295.397893,1,0,0,90,64,0,49226,8268,56,149,167,0,1.000000,0.000000,0,0,0,OK,OK
67.853290,1311,318,1403715338.812143,1,330.817435,260.456285,1,0,0,89,66,0,50086,8315,40,174,168,0,1.000000,0.000000,0,0,0,OK,OK
68.215049,1318,319,1403715339.162143,1,449.230754,381.891795,1,0,0,91,65,0,51447,8369,31,163,169,0,1.000000,0.000000,0,0,0,OK,OK
68.682734,1327,320,1403715339.612143,1,368.690975,284.790671,1,0,0,84,73,0,50254,8437,48,192,170,0,1.000000,0.000000,0,0,0,OK,OK
69.094404,1335,321,1403715340.012143,1,252.558742,189.653833,1,0,0,62,96,0,44565,8503,34,197,171,0,1.000000,0.000000,0,0,0,OK,OK
69.561450,1344,322,1403715340.462143,1,355.288742,288.388135,1,0,0,90,82,0,56381,8556,35,178,172,0,1.000000,0.000000,0,0,0,OK,OK
69.975486,1352,323,1403715340.862143,1,390.652958,321.109543,1,0,0,98,75,0,59111,8580,43,170,173,0,1.000000,0.000000,0,0,0,OK,OK
70.387829,1360,324,1403715341.262143,1,349.073263,282.162769,1,0,0,85,89,0,57860,8635,49,204,174,0,1.000000,0.000000,0,0,0,OK,OK
70.749207,1367,325,1403715341.612143,1,297.699986,227.074702,1,0,0,70,97,0,52239,8658,43,183,175,0,1.000000,0.000000,0,0,0,OK,OK
71.059111,1373,326,1403715341.912143,1,308.566395,229.489847,1,0,0,70,95,0,52699,8675,48,152,176,0,1.000000,0.000000,0,0,0,OK,OK
71.419705,1380,327,1403715342.262143,1,291.005398,219.351891,1,0,0,66,103,0,52202,8733,42,188,177,0,1.000000,0.000000,0,0,0,OK,OK
71.732118,1386,328,1403715342.562143,1,339.623581,271.202696,1,0,0,79,99,0,51527,8755,42,162,178,0,1.000000,0.000000,0,0,0,OK,OK
72.096445,1393,329,1403715342.912143,1,377.848484,302.614232,1,0,0,94,85,0,58515,8788,39,177,178,1,1.000000,0.000000,0,0,0,OK,OK
72.511108,1401,330,1403715343.312143,1,443.381156,365.809346,1,0,0,98,81,0,61409,8826,36,182,179,0,1.000000,0.000000,0,0,0,OK,OK
72.975941,1410,331,1403715343.762143,1,395.153143,320.773345,1,0,0,85,95,0,53886,8814,41,152,180,0,1.000000,0.000000,0,0,0,OK,OK
73.389441,1418,332,1403715344.162143,1,386.160395,309.096769,1,0,0,89,92,0,61369,8862,30,181,181,0,1.000000,0.000000,0,0,0,OK,OK
73.858398,1427,333,1403715344.612143,1,386.429071,308.676538,1,0,0,85,97,0,58926,8885,40,177,182,0,1.000000,0.000000,0,0,0,OK,OK
74.376591,1437,334,1403715345.112143,1,505.179327,415.825306,1,0,0,109,74,0,64597,8936,30,198,183,0,1.000000,0.000000,0,0,0,OK,OK
75.001004,1449,335,1403715345.712143,1,519.128718,435.266919,1,0,0,109,75,0,65977,8967,53,229,184,0,1.000000,0.000000,0,0,0,OK,OK
75.569053,1460,336,1403715346.262143,1,526.849493,431.603389,1,0,0,106,79,0,69882,8978,26,223,184,1,1.000000,0.000000,0,0,0,OK,OK
76.138678,1471,337,1403715346.812143,1,490.757839,407.798056,1,0,0,99,86,0,69397,8966,52,224,184,1,1.000000,0.000000,0,0,0,OK,OK
76.660193,1481,338,1403715347.312143,1,561.794751,476.899968,1,0,0,115,70,0,73312,8962,35,210,183,2,1.000000,0.000000,0,0,0,OK,OK
77.231137,1492,339,1403715347.862143,1,424.347666,343.565924,1,0,0,95,90,0,62554,9003,33,259,184,0,1.000000,0.000000,0,0,0,OK,OK
77.695471,1501,340,1403715348.312143,1,371.988578,288.134427,1,0,0,80,106,0,55588,8994,57,222,184,1,1.000000,0.000000,0,0,0,OK,OK
78.113346,1509,341,1403715348.712143,1,388.824212,305.202016,1,0,0,85,101,0,56744,9007,27,199,185,0,1.000000,0.000000,0,0,0,OK,OK
78.526752,1517,342,1403715349.112143,1,419.285974,333.863294,1,0,0,84,103,0,55437,9056,43,229,186,0,1.000000,0.000000,0,0,0,OK,OK
78.994994,1526,343,1403715349.562143,1,372.088023,283.733943,1,0,0,84,104,0,53061,9129,39,251,187,0,1.000000,0.000000,0,0,0,OK,OK
79.410065,1534,344,1403715349.962143,1,389.062549,302.100510,1,0,0,86,103,0,54620,9143,39,228,187,1,1.000000,0.000000,0,0,0,OK,OK
79.826680,1542,345,1403715350.362143,1,393.883812,305.530165,1,0,0,87,102,0,55275,9134,55,240,188,0,1.000000,0.000000,0,0,0,OK,OK
80.238969,1550,346,1403715350.762143,1,379.742100,295.063987,1,0,0,82,108,0,55527,9122,60,215,188,1,1.000000,0.000000,0,0,0,OK,OK
80.652767,1558,347,1403715351.162143,1,394.348527,304.356556,1,0,0,85,105,0,55050,9152,33,232,187,2,1.000000,0.000000,0,0,0,OK,OK
81.068531,1566,348,1403715351.562143,1,372.806849,283.542129,1,0,0,80,109,0,51712,9180,41,255,188,0,1.000000,0.000000,0,0,0,OK,OK
81.484171,1574,349,1403715351.962143,1,394.748674,303.938878,1,0,0,79,111,0,51381,9153,84,234,188,1,1.000000,0.000000,0,0,0,OK,OK
81.897423,1582,350,1403715352.362143,1,344.406150,257.622898,1,0,0,77,113,0,50544,9125,56,236,188,1,1.000000,0.000000,0,0,0,OK,OK
82.260204,1589,351,1403715352.712143,1,343.047281,261.562352,1,0,0,79,111,0,50511,9138,41,225,189,0,1.000000,0.000000,0,0,0,OK,OK
82.621640,1596,352,1403715353.062143,1,348.954788,270.226986,1,0,0,80,111,0,50928,9123,49,178,189,1,1.000000,0.000000,0,0,0,OK,OK
82.982875,1603,353,1403715353.412143,1,350.197996,267.742059,1,0,0,80,111,0,50970,9166,42,219,189,1,1.000000,0.000000,0,0,0,OK,OK
83.345329,1610,354,1403715353.762143,1,349.453556,270.795943,1,0,0,80,111,0,51019,9174,34,189,189,1,1.000000,0.000000,0,0,0,OK,OK
83.707009,1617,355,1403715354.112143,1,351.255710,270.237980,1,0,0,80,111,0,51097,9205,30,192,189,1,1.000000,0.000000,0,0,0,OK,OK
84.070569,1624,356,1403715354.462143,1,350.056234,272.799083,1,0,0,79,112,0,50294,9227,45,210,189,1,1.000000,0.000000,0,0,0,OK,OK
84.484877,1632,357,1403715354.862143,1,350.657559,273.097715,1,0,0,79,112,0,50338,9224,41,179,189,1,1.000000,0.000000,0,0,0,OK,OK
84.844716,1639,358,1403715355.212143,1,343.134633,266.461488,1,0,0,78,113,0,49922,9230,35,204,190,0,1.000000,0.000000,0,0,0,OK,OK
85.206232,1646,359,1403715355.562143,1,307.093876,235.209441,1,0,0,70,122,0,46890,9264,35,210,191,0,1.000000,0.000000,0,0,0,OK,OK
85.516411,1652,360,1403715355.862143,1,270.776320,209.263636,1,0,0,63,111,0,39008,9293,52,204,192,0,1.000000,0.000000,0,0,0,OK,OK
85.824055,1658,361,1403715356.162143,1,253.280590,179.951014,1,0,0,61,102,0,36987,9308,43,195,191,2,1.000000,0.000000,0,0,0,OK,OK
86.080416,1663,362,1403715356.412143,1,242.380073,179.046951,1,0,0,60,81,0,35581,9311,35,204,192,0,1.000000,0.000000,0,0,0,OK,OK
86.338097,1668,363,1403715356.662143,1,265.417549,199.251435,1,0,0,62,83,0,36583,9373,17,217,193,0,1.000000,0.000000,0,0,0,OK,OK
86.649443,1674,364,1403715356.962143,1,255.432107,195.132140,1,0,0,62,81,0,36506,9436,26,230,194,0,1.000000,0.000000,0,0,0,OK,OK
86.957175,1680,365,1403715357.262143,1,235.896290,181.596579,1,0,0,57,86,0,35041,9450,50,224,195,0,1.000000,0.000000,0,0,0,OK,OK
87.217551,1685,366,1403715357.512143,1,213.292094,158.120102,1,0,0,54,84,0,34637,9505,18,248,196,0,1.000000,0.000000,0,0,0,OK,OK
87.525653,1691,367,1403715357.812143,1,229.804729,174.704525,1,0,0,53,86,0,34860,9557,32,229,196,1,1.000000,0.000000,0,0,0,OK,OK
87.786160,1696,368,1403715358.062143,1,199.445726,145.609447,1,0,0,48,88,0,33727,9550,35,213,197,0,1.000000,0.000000,0,0,0,OK,OK
87.991751,1700,369,1403715358.262143,1,212.299095,159.059169,1,0,0,49,88,0,34206,9570,18,217,198,0,1.000000,0.000000,0,0,0,OK,OK
88.249969,1705,370,1403715358.512143,1,208.304048,154.443055,1,0,0,46,81,0,33199,9632,23,238,198,1,1.000000,0.000000,0,0,0,OK,OK
88.507248,1710,371,1403715358.762143,1,203.517545,152.607648,1,0,0,47,80,0,32902,9626,24,222,198,1,1.000000,0.000000,0,0,0,OK,OK
88.716898,1714,372,1403715358.962143,1,200.665766,148.254594,1,0,0,47,80,0,32725,9615,30,198,199,0,1.000000,0.000000,0,0,0,OK,OK
88.920642,1718,373,1403715359.162143,1,200.764195,150.103100,1,0,0,46,82,0,32677,9681,26,230,200,0,1.000000,0.000000,0,0,0,OK,OK
89.127547,1722,374,1403715359.362143,1,192.415915,145.608326,1,0,0,44,85,0,33022,9734,36,222,201,0,1.000000,0.000000,0,0,0,OK,OK
89.335351,1726,375,1403715359.562143,1,197.733663,145.083662,1,0,0,45,85,0,33502,9783,37,221,202,0,1.000000,0.000000,0,0,0,OK,OK
89.542284,1730,376,1403715359.762143,1,186.480357,138.297800,1,0,0,46,85,0,33873,9810,35,209,203,0,1.000000,0.000000,0,0,0,OK,OK
89.747175,1734,377,1403715359.962143,1,190.159355,143.418510,1,0,0,44,88,0,33588,9837,29,198,204,0,1.000000,0.000000,0,0,0,OK,OK
89.955741,1738,378,1403715360.162143,1,162.617606,122.086373,1,0,0,38,85,0,32293,9848,35,176,205,0,1.000000,0.000000,0,0,0,OK,OK
90.161119,1742,379,1403715360.362143,1,149.692940,107.260346,1,0,0,34,77,0,28698,9922,31,220,206,0,1.000000,0.000000,0,0,0,OK,OK
90.316943,1745,380,1403715360.512143,1,162.151386,112.745208,1,0,0,36,76,0,30755,9959,16,176,206,1,1.000000,0.000000,0,0,0,OK,OK
90.524959,1749,381,1403715360.712143,1,173.208410,123.410229,1,0,0,41,72,0,31595,9977,49,201,207,0,1.000000,0.000000,0,0,0,OK,OK
90.728775,1753,382,1403715360.912143,1,202.324114,152.271531,1,0,0,45,69,0,31949,9979,48,187,208,0,1.000000,0.000000,0,0,0,OK,OK
90.937224,1757,383,1403715361.112143,1,207.766167,153.765925,1,0,0,51,86,0,35995,9988,28,184,208,1,1.000000,0.000000,0,0,0,OK,OK
91.194199,1762,384,1403715361.362143,1,207.955036,146.819173,1,0,0,49,88,0,35643,9966,27,161,208,1,1.000000,0.000000,0,0,0,OK,OK
91.451060,1767,385,1403715361.612143,1,168.531121,119.482267,1,0,0,42,73,0,29698,9899,44,114,209,0,1.000000,0.000000,0,0,0,OK,OK
91.656342,1771,386,1403715361.812143,1,164.618160,113.710786,1,0,0,42,74,0,27770,9895,23,106,209,1,1.000000,0.000000,0,0,0,OK,OK
91.863967,1775,387,1403715362.012143,1,174.062431,122.538204,1,0,0,45,75,0,30264,9925,11,130,209,1,1.000000,0.000000,0,0,0,OK,OK
92.120791,1780,388,1403715362.262143,1,248.536440,197.533663,1,0,0,57,74,0,36419,9945,20,135,210,0,1.000000,0.000000,0,0,0,OK,OK
92.378563,1785,389,1403715362.512143,1,233.979185,178.473777,1,0,0,57,76,0,35187,10025,13,187,211,0,1.000000,0.000000,0,0,0,OK,OK
92.637014,1790,390,1403715362.762143,1,282.658611,217.480981,1,0,0,62,97,0,38421,10072,27,189,212,0,1.000000,0.000000,0,0,0,OK,OK
92.947357,1796,391,1403715363.062143,1,309.273822,236.650507,1,0,0,75,120,0,44582,10129,25,206,213,0,1.000000,0.000000,0,0,0,OK,OK
93.259713,1802,392,1403715363.362143,1,423.598105,343.558653,1,0,0,88,127,0,55394,10183,41,209,214,0,1.000000,0.000000,0,0,0,OK,OK
93.723185,1811,393,1403715363.812143,1,400.502561,313.961561,1,0,0,86,130,0,57446,10209,44,185,214,1,1.000000,0.000000,0,0,0,OK,OK
94.139027,1819,394,1403715364.212143,1,405.815519,323.733580,1,0,0,85,131,0,58084,10160,70,183,214,1,1.000000,0.000000,0,0,0,OK,OK
94.602942,1828,395,1403715364.662143,1,415.009896,333.774825,1,0,0,86,130,0,59659,10200,32,203,215,0,1.000000,0.000000,0,0,0,OK,OK
95.069967,1837,396,1403715365.112143,1,546.820965,458.372959,1,0,0,104,113,0,68890,10227,34,172,215,1,1.000000,0.000000,0,0,0,OK,OK
95.641292,1848,397,1403715365.662143,1,704.765561,614.332580,1,0,0,135,82,0,82263,10192,35,147,215,1,1.000000,0.000000,0,0,0,OK,OK
96.367509,1862,398,1403715366.362143,1,709.024436,618.697577,1,0,0,139,78,0,81167,10169,51,129,216,0,1.000000,0.000000,0,0,0,OK,OK
97.094961,1876,399,1403715367.062143,1,713.351549,622.803345,1,0,0,139,79,0,81564,10163,36,117,217,0,1.000000,0.000000,0,0,0,OK,OK
97.823679,1890,400,1403715367.762143,1,756.441581,657.066220,1,0,0,145,74,0,83177,10164,30,104,218,0,1.000000,0.000000,0,0,0,OK,OK
98.604646,1905,401,1403715368.512143,1,803.810610,703.969864,1,0,0,150,70,0,84723,10186,18,124,219,0,1.000000,0.000000,0,0,0,OK,OK
99.432986,1921,402,1403715369.312143,1,672.994725,567.358575,1,0,0,141,79,0,81864,10175,31,103,219,1,1.000000,0.000000,0,0,0,OK,OK
100.109057,1934,403,1403715369.962143,1,803.350834,693.287580,1,0,0,150,71,0,83437,10169,26,139,219,1,1.000000,0.000000,0,0,0,OK,OK
100.939939,1950,404,1403715370.762143,1,860.550020,745.985236,1,0,0,157,64,0,85621,10219,19,174,220,0,1.000000,0.000000,0,0,0,OK,OK
101.821942,1967,405,1403715371.612143,1,825.875365,705.670112,1,0,0,149,72,0,80812,10247,33,190,218,3,1.000000,0.000000,0,0,0,OK,OK
102.758017,1985,406,1403715372.512143,1,857.060924,749.164989,1,0,0,141,78,0,78350,10189,45,177,219,0,1.000000,0.000000,0,0,0,OK,OK
103.639567,2002,407,1403715373.362143,1,629.913372,522.421710,1,0,0,132,88,0,75876,10220,30,223,219,1,1.000000,0.000000,0,0,0,OK,OK
104.315569,2015,408,1403715374.012143,1,673.669789,573.210883,1,0,0,130,90,0,75655,10257,41,277,219,1,1.000000,0.000000,0,0,0,OK,OK
105.041888,2029,409,1403715374.712143,1,569.431704,479.657405,1,0,0,125,96,0,80961,10252,42,274,220,0,1.000000,0.000000,0,0,0,OK,OK
105.663462,2041,410,1403715375.312143,1,532.998142,427.635293,1,0,0,102,119,0,74409,10288,50,309,220,1,1.000000,0.000000,0,0,0,OK,OK
106.233639,2052,411,1403715375.862143,1,376.338934,284.765504,1,0,0,72,149,0,58628,10297,47,300,221,0,1.000000,0.000000,0,0,0,OK,OK
106.643622,2060,412,1403715376.262143,1,315.893961,236.503928,1,0,0,58,162,0,49858,10251,33,240,221,1,1.000000,0.000000,0,0,0,OK,OK
107.005616,2067,413,1403715376.612143,1,288.256786,209.223794,1,0,0,55,165,0,48579,10252,29,230,221,1,1.000000,0.000000,0,0,0,OK,OK
107.315289,2073,414,1403715376.912143,1,288.401207,212.619152,1,0,0,57,163,0,49311,10354,20,330,221,1,1.000000,0.000000,0,0,0,OK,OK
107.625243,2079,415,1403715377.212143,1,298.809240,218.981768,1,0,0,58,164,0,50212,10324,31,249,221,1,1.000000,0.000000,0,0,0,OK,OK
107.936316,2085,416,1403715377.512143,1,465.148717,387.632677,1,0,0,87,136,0,67984,10343,30,246,222,0,1.000000,0.000000,0,0,0,OK,OK
108.453457,2095,417,1403715378.012143,1,583.030228,490.187051,1,0,0,108,116,0,71768,10340,77,248,222,1,1.000000,0.000000,0,0,0,OK,OK
109.076306,2107,418,1403715378.612143,1,491.715514,402.232975,1,0,0,105,119,0,71909,10324,50,259,223,0,1.000000,0.000000,0,0,0,OK,OK
109.959284,2124,419,1403715379.462143,1,559.160489,460.009265,1,0,0,108,117,0,71559,10356,64,278,224,0,1.000000,0.000000,0,0,0,OK,OK
110.530684,2135,420,1403715380.012143,1,521.794122,411.894324,1,0,0,104,122,0,68734,10359,40,265,224,1,1.000000,0.000000,0,0,0,OK,OK
111.098741,2146,421,1403715380.562143,1,472.398750,368.630080,1,0,0,92,134,0,64813,10316,72,214,225,0,1.000000,0.000000,0,0,0,OK,OK
111.617057,2156,422,1403715381.062143,1,470.516550,362.686474,1,0,0,90,137,0,64804,10309,47,222,225,1,1.000000,0.000000,0,0,0,OK,OK
112.133505,2166,423,1403715381.562143,1,625.363892,512.877673,1,0,0,96,131,0,65877,10298,36,202,224,2,1.000000,0.000000,0,0,0,OK,OK
112.807813,2179,424,1403715382.212143,1,457.062870,356.468945,1,0,0,99,127,0,67016,10273,27,190,225,0,1.000000,0.000000,0,0,0,OK,OK
113.329188,2189,425,1403715382.712143,1,474.259248,367.642277,1,0,0,101,126,0,69309,10262,40,176,226,0,1.000000,0.000000,0,0,0,OK,OK
113.846285,2199,426,1403715383.212143,1,503.168378,398.463542,1,0,0,107,121,0,71801,10297,38,197,227,0,1.000000,0.000000,0,0,0,OK,OK
114.364815,2209,427,1403715383.712143,1,502.731896,399.254326,1,0,0,105,124,0,71003,10312,41,199,227,1,1.000000,0.000000,0,0,0,OK,OK
114.885994,2219,428,1403715384.212143,1,742.001706,635.843489,1,0,0,137,92,0,85395,10287,45,189,227,1,1.000000,0.000000,0,0,0,OK,OK
115.821075,2237,429,1403715385.112143,1,852.671694,737.197336,1,0,0,151,78,0,85362,10242,64,176,226,2,1.000000,0.000000,0,0,0,OK,OK
116.701437,2254,430,1403715385.962143,1,776.218266,668.709597,1,0,0,145,83,0,83670,10218,34,182,226,1,1.000000,0.000000,0,0,0,OK,OK
117.530071,2270,431,1403715386.762143,1,766.406900,658.764904,1,0,0,136,91,0,79195,10227,42,192,226,1,1.000000,0.000000,0,0,0,OK,OK
118.305671,2285,432,1403715387.512143,1,1036.349142,935.494437,1,0,0,136,91,0,78052,10221,28,176,224,3,1.000000,0.000000,0,0,0,OK,OK
119.394928,2306,433,1403715388.562143,1,843.859651,737.226594,1,0,0,152,73,0,80345,10132,50,155,224,1,1.000000,0.000000,0,0,0,OK,OK
120.275512,2323,434,1403715389.412143,1,880.665384,769.513380,1,0,0,159,66,0,80727,10109,33,157,225,0,1.000000,0.000000,0,0,0,OK,OK
121.159251,2340,435,1403715390.262143,1,796.307889,680.611045,1,0,0,159,67,0,80067,10128,29,175,226,0,1.000000,0.000000,0,0,0,OK,OK
121.992593,2356,436,1403715391.062143,1,783.501470,660.531977,1,0,0,154,73,0,81456,10160,24,190,227,0,1.000000,0.000000,0,0,0,OK,OK
122.822063,2372,437,1403715391.862143,1,860.154040,734.977353,1,0,0,151,77,0,80929,10160,54,195,227,1,1.000000,0.000000,0,0,0,OK,OK
123.703659,2389,438,1403715392.712143,1,720.879293,601.313723,1,0,0,145,83,0,79850,10205,50,271,227,1,1.000000,0.000000,0,0,0,OK,OK
124.430674,2403,439,1403715393.412143,1,756.628856,642.876038,1,0,0,128,101,0,78378,10246,48,319,227,1,1.000000,0.000000,0,0,0,OK,OK
125.208717,2418,440,1403715394.162143,1,701.925273,603.405737,1,0,0,135,94,0,76992,10148,53,230,228,0,1.000000,0.000000,0,0,0,OK,OK
125.935114,2432,441,1403715394.862143,1,539.663030,442.398858,1,0,0,119,111,0,71489,10100,29,180,228,1,1.000000,0.000000,0,0,0,OK,OK
126.508470,2443,442,1403715395.412143,1,581.860348,470.100932,1,0,0,117,113,0,70287,10119,32,195,228,1,1.000000,0.000000,0,0,0,OK,OK
127.130114,2455,443,1403715396.012143,1,331.029205,255.144779,1,0,0,69,159,0,51938,10140,28,192,229,0,1.000000,0.000000,0,0,0,OK,OK
127.494849,2462,444,1403715396.362143,1,300.052208,221.037310,1,0,0,69,117,0,43869,10175,29,177,229,1,1.000000,0.000000,0,0,0,OK,OK
127.807143,2468,445,1403715396.662143,1,264.306459,189.323816,1,0,0,57,123,0,41162,10154,33,144,229,1,1.000000,0.000000,0,0,0,OK,OK
128.117340,2474,446,1403715396.962143,1,258.418074,190.337271,1,0,0,59,120,0,40148,10188,29,182,230,0,1.000000,0.000000,0,0,0,OK,OK
128.427835,2480,447,1403715397.262143,1,217.851989,153.412918,1,0,0,45,135,0,37137,10254,36,223,231,0,1.000000,0.000000,0,0,0,OK,OK
128.688511,2485,448,1403715397.512143,1,224.976897,156.101437,1,0,0,51,130,0,38715,10302,32,216,231,1,1.000000,0.000000,0,0,0,OK,OK
128.947141,2490,449,1403715397.762143,1,233.470398,177.303270,1,0,0,47,134,0,35283,10347,31,233,232,0,1.000000,0.000000,0,0,0,OK,OK
