frame_id,timestamp_ms,kf_insertion_ms,map_points_total,new_map_points,queue_length,kf_culled
1,1775481365831,0.054,463,463,1,0
2,1775481365842,0.116,464,884,1,0
3,1775481365853,0.192,365,723,0,0
4,1775481366059,2.911,256,297,0,0
5,1775481366169,3.029,299,125,0,0
6,1775481366226,3.416,333,143,0,0
7,1775481366282,3.733,359,135,0,0
8,1775481366391,3.237,368,129,0,1
9,1775481366497,3.443,372,108,0,1
10,1775481366550,3.262,389,107,0,1
11,1775481366661,3.535,391,95,0,1
12,1775481366768,3.311,391,98,0,1
13,1775481366824,3.426,388,74,0,1
14,1775481366876,3.464,398,87,0,1
15,1775481366931,3.246,402,87,0,1
16,1775481366983,3.250,420,87,0,1
17,1775481367039,3.323,434,94,0,0
18,1775481367146,3.342,448,109,0,1
19,1775481367256,3.348,437,91,0,2
20,1775481367361,3.534,449,88,0,1
21,1775481367470,3.756,466,99,0,0
22,1775481367580,3.688,450,90,0,2
23,1775481367683,3.295,462,93,0,1
24,1775481367739,3.788,473,101,0,1
25,1775481367848,3.484,476,113,0,1
26,1775481367958,3.578,501,132,0,0
27,1775481368065,3.434,508,135,0,1
28,1775481368177,3.579,541,158,0,1
29,1775481368286,3.999,555,155,0,1
30,1775481368395,4.920,581,177,0,1
31,1775481368503,3.963,598,156,0,0
32,1775481368612,3.749,589,160,0,2
33,1775481368719,3.620,605,151,0,0
34,1775481368830,4.015,600,129,0,1
35,1775481368882,3.579,602,130,0,1
36,1775481368991,4.036,603,146,0,1
37,1775481369048,3.858,646,167,0,1
38,1775481369102,3.728,696,225,0,0
39,1775481369160,3.732,705,244,0,1
40,1775481369215,3.681,738,248,0,0
41,1775481369331,3.932,753,241,0,1
42,1775481369383,4.233,782,250,0,0
43,1775481369441,3.871,799,281,0,1
44,1775481369496,3.904,862,293,0,0
45,1775481369558,4.092,871,279,0,1
46,1775481369665,4.348,901,279,0,0
47,1775481369780,4.232,916,257,0,1
48,1775481369887,4.190,931,274,0,1
49,1775481369993,4.127,943,270,0,0
50,1775481370105,4.171,937,248,0,1
51,1775481370209,4.094,960,226,0,0
52,1775481370321,4.326,981,219,0,0
53,1775481370435,4.238,979,193,0,0
54,1775481370534,4.416,974,173,0,1
55,1775481370813,4.583,1009,222,0,1
56,1775481370924,4.643,1072,264,0,0
57,1775481371030,5.967,1110,333,0,0
58,1775481371148,5.397,1206,446,0,2
59,1775481371251,4.927,1294,567,0,0
60,1775481371364,4.987,1355,620,0,0
61,1775481371484,4.751,1376,601,0,0
62,1775481371592,4.993,1393,562,0,1
63,1775481371696,4.232,1406,490,0,1
64,1775481371802,4.156,1422,394,0,0
65,1775481371917,4.084,1458,389,0,0
66,1775481372026,4.297,1474,378,0,0
67,1775481372147,5.045,1480,343,0,1
68,1775481372307,4.852,1547,361,0,0
69,1775481372461,4.379,1605,399,0,0
70,1775481372631,4.487,1683,463,0,0
71,1775481372793,4.631,1783,537,0,0
72,1775481372972,4.367,1887,580,0,0
73,1775481373135,4.586,1956,606,0,0
74,1775481373294,4.838,2060,635,0,0
75,1775481373475,4.972,2121,620,0,0
76,1775481373632,5.287,2105,581,0,0
77,1775481373822,6.163,2077,590,0,0
78,1775481374023,6.564,2061,606,0,0
79,1775481374209,6.622,1989,612,0,3
80,1775481374415,6.516,1968,490,0,0
81,1775481374632,6.428,1943,430,0,2
82,1775481374850,6.806,1923,429,0,2
83,1775481375065,7.642,1927,454,0,1
84,1775481375291,6.766,1956,504,0,2
85,1775481375467,7.628,1958,510,0,0
86,1775481375669,7.179,1993,560,0,0
87,1775481375879,7.250,1897,460,0,1
88,1775481376069,7.387,1881,438,0,1
89,1775481376226,7.517,1799,530,0,8
90,1775481376421,7.386,1832,524,0,1
91,1775481376596,7.356,1769,451,0,2
92,1775481376748,6.545,1852,527,0,1
93,1775481376904,6.454,1896,501,0,0
94,1775481377031,7.348,1914,505,0,0
95,1775481377198,7.328,1899,458,0,1
96,1775481377362,7.938,1924,428,0,0
97,1775481377527,7.004,1887,408,0,2
98,1775481377680,6.738,1923,421,0,0
99,1775481377856,7.051,1963,433,0,0
100,1775481378057,7.738,2015,508,0,1
101,1775481378256,7.268,2016,475,0,0
102,1775481378406,7.375,2033,492,0,1
103,1775481378574,7.498,2011,469,0,1
104,1775481378748,8.554,2020,453,0,1
105,1775481378979,7.777,1990,443,0,1
106,1775481379121,7.624,2019,462,0,0
107,1775481379318,7.602,2005,417,0,2
108,1775481379503,7.714,1973,385,0,2
109,1775481379830,8.136,1968,434,0,1
110,1775481379995,7.894,2016,489,0,0
111,1775481380187,8.013,1994,482,0,0
112,1775481380350,8.193,1976,478,0,2
113,1775481380496,7.621,1938,461,0,1
114,1775481380650,8.122,1913,430,0,1
115,1775481380886,9.146,1886,431,0,2
116,1775481381044,8.398,1950,470,0,0
117,1775481381203,8.617,1977,484,0,1
118,1775481381366,7.452,1996,476,0,1
119,1775481381527,6.581,1955,390,0,1
120,1775481381691,7.426,1943,397,0,1
121,1775481381865,7.521,1939,448,0,2
122,1775481382016,7.852,1896,451,0,2
123,1775481382170,6.648,1897,433,0,0
124,1775481382333,7.149,1894,441,0,2
125,1775481382509,7.831,1986,500,0,0
126,1775481383008,8.460,1946,491,0,1
127,1775481383161,7.620,1971,470,0,1
128,1775481383314,7.158,1981,457,0,1
129,1775481383465,7.468,2023,437,0,0
130,1775481383650,7.099,2062,500,0,0
131,1775481383809,7.786,2039,468,0,2
132,1775481383963,7.178,2047,524,0,1
133,1775481384129,7.880,2037,539,0,2
134,1775481384555,8.391,1994,548,0,1
135,1775481384718,7.924,1998,562,0,2
136,1775481384876,7.598,1975,522,0,1
137,1775481385029,7.618,1985,490,0,2
138,1775481385195,8.215,1985,473,0,0
139,1775481385361,8.280,1919,452,0,2
140,1775481385517,6.748,1935,392,0,0
141,1775481385694,5.739,1949,423,0,1
142,1775481385854,5.389,2038,470,0,0
143,1775481386008,5.745,2116,536,0,0
144,1775481386176,6.284,2137,543,0,1
145,1775481386439,7.961,2078,471,0,1
146,1775481386600,7.796,2060,457,0,2
147,1775481386765,7.202,2074,456,0,1
148,1775481386929,6.640,2120,454,0,0
149,1775481387088,6.377,2180,439,0,0
150,1775481387255,4.939,2224,421,0,1
151,1775481387409,4.801,2321,452,0,0
152,1775481387597,5.039,2417,514,0,0
153,1775481387918,7.855,2434,560,0,0
154,1775481388186,7.547,2375,476,0,1
155,1775481388348,7.609,2384,433,0,1
156,1775481388619,7.892,2412,431,0,0
157,1775481388957,8.397,2393,435,0,1
158,1775481389334,7.877,2393,446,0,1
159,1775481389501,8.149,2420,416,0,1
160,1775481389702,7.725,2411,405,0,1
161,1775481389871,7.377,2459,391,0,0
162,1775481390022,6.928,2472,399,0,1
163,1775481390190,6.145,2519,428,0,0
164,1775481390344,5.623,2566,404,0,0
165,1775481390510,5.814,2578,393,0,2
166,1775481390658,5.066,2636,391,0,0
167,1775481390846,4.994,2661,366,0,0
168,1775481391032,4.188,2693,345,0,0
169,1775481391185,3.740,2787,369,0,0
170,1775481391336,3.255,2842,360,0,0
171,1775481391474,3.303,2883,370,0,0
172,1775481391633,3.896,2962,392,0,0
173,1775481391836,2.958,2993,358,0,0
174,1775481391937,2.939,3090,381,0,0
175,1775481392099,3.161,3173,414,0,0
176,1775481392209,3.128,3213,396,0,0
177,1775481392358,3.177,3283,429,0,0
178,1775481392473,3.353,3338,416,0,0
179,1775481392579,3.824,3417,447,0,0
180,1775481392695,3.559,3439,388,0,0
181,1775481392777,3.424,3465,367,0,0
182,1775481392889,3.706,3548,411,0,0
183,1775481393064,3.953,3587,409,0,0
184,1775481393245,4.223,3640,365,0,0
185,1775481393408,4.022,3676,367,0,0
186,1775481393645,4.731,3692,338,0,0
187,1775481393892,4.559,3742,353,0,0
188,1775481394151,4.871,3779,339,0,0
189,1775481394370,5.156,3826,380,0,0
190,1775481394599,5.167,3830,327,0,1
191,1775481394812,5.477,3881,361,0,1
192,1775481395084,5.746,3936,359,0,0
193,1775481395303,5.648,3973,384,0,0
194,1775481395527,6.162,4028,410,0,0
195,1775481395761,6.250,4087,422,0,0
196,1775481396010,7.740,4118,419,0,1
197,1775481396219,6.671,4126,423,0,0
198,1775481396437,7.186,4125,380,0,1
199,1775481396714,7.752,4127,365,0,0
200,1775481397099,8.267,4135,386,0,1
201,1775481397368,7.910,4143,391,0,1
202,1775481397625,7.979,4182,397,0,0
203,1775481397850,7.666,4194,355,0,0
204,1775481398145,7.381,4195,363,0,1
205,1775481398402,7.193,4234,353,0,0
206,1775481398685,8.150,4241,362,0,1
207,1775481398936,6.887,4292,375,0,0
208,1775481399199,6.019,4306,353,0,0
209,1775481399426,6.414,4317,349,0,0
210,1775481399692,5.822,4349,330,0,1
211,1775481399974,5.545,4370,334,0,0
212,1775481400202,5.079,4414,393,0,0
213,1775481400426,5.266,4388,371,0,0
214,1775481400626,4.852,4460,409,0,0
215,1775481400820,4.838,4434,386,0,0
216,1775481401144,5.609,4431,354,0,0
217,1775481401532,5.101,4461,413,0,0
218,1775481402064,5.988,4491,412,0,0
219,1775481402331,5.885,4466,387,0,0
220,1775481402657,5.957,4453,360,0,2
221,1775481403591,6.529,4440,345,0,0
222,1775481403926,6.733,4476,394,0,0
223,1775481404355,6.894,4507,407,0,0
224,1775481404611,7.266,4545,418,0,0
225,1775481404922,7.620,4631,497,0,0
226,1775481405241,8.002,4647,503,0,0
227,1775481405582,8.635,4664,448,0,0
228,1775481405905,9.742,4684,465,0,0
229,1775481407304,9.207,4683,429,0,0
230,1775481407827,9.283,4667,410,0,1
231,1775481408171,8.748,4680,397,0,1
232,1775481408467,8.232,4688,410,0,1
233,1775481408749,8.388,4725,412,0,0
234,1775481409108,7.940,4770,418,0,0
235,1775481409400,7.424,4797,416,0,0
236,1775481409662,7.430,4820,481,0,2
237,1775481409986,6.235,4862,508,0,0
238,1775481410422,6.465,4825,412,0,0
239,1775481410634,6.052,4811,406,0,1
240,1775481410911,6.056,4828,402,0,0
241,1775481411157,7.144,4865,446,0,0
242,1775481411527,7.376,4880,447,0,2
243,1775481411830,7.290,4837,418,0,2
244,1775481412084,7.566,4854,396,0,0
245,1775481412970,7.594,4797,339,0,1
246,1775481413420,8.321,4803,360,0,1
247,1775481414101,8.066,4815,364,0,0
248,1775481414426,8.146,4817,379,0,1
249,1775481415303,10.315,4830,389,0,0
250,1775481415706,10.465,4882,461,0,1
251,1775481416770,11.063,4866,449,0,0
252,1775481417444,9.665,4849,434,0,1
253,1775481417766,9.243,4835,456,0,2
254,1775481418241,8.580,4905,461,0,0
255,1775481418890,9.686,4931,458,0,1
256,1775481419948,7.207,4941,491,0,1
257,1775481420907,7.281,4929,467,0,1
258,1775481421197,7.304,4945,483,0,1
259,1775481421514,8.153,4939,451,0,1
260,1775481422435,8.314,4845,352,0,1
261,1775481423394,8.686,4878,396,0,1
262,1775481423702,8.474,4888,426,0,0
263,1775481424026,9.618,4968,514,0,1
264,1775481424619,9.503,5027,536,0,0
265,1775481424969,10.758,5019,543,0,1
266,1775481427277,10.626,4968,453,0,1
267,1775481427594,8.740,4993,428,0,1
268,1775481428052,9.401,5006,399,0,1
269,1775481428377,7.755,5076,451,0,0
270,1775481428850,7.276,5032,445,0,3
271,1775481429142,7.185,5019,457,0,0
272,1775481430346,7.942,4962,412,0,2
273,1775481431617,9.054,4972,396,0,1
274,1775481433083,10.042,4938,417,0,2
275,1775481433442,9.612,4951,451,0,0
276,1775481433754,10.622,4961,489,0,1
277,1775481434104,11.468,4951,450,0,0
278,1775481434481,10.586,4945,413,0,2
279,1775481436235,9.721,4960,441,0,0
280,1775481436569,9.454,4959,408,0,0
281,1775481436880,9.450,4944,417,0,2
282,1775481437192,9.013,4956,377,0,0
283,1775481437531,9.129,4992,432,0,1
284,1775481437833,7.937,5006,458,0,1
285,1775481438142,7.422,4981,433,0,1
286,1775481438392,7.206,5019,436,0,0
287,1775481438668,7.213,5057,477,0,0
288,1775481438942,7.626,5049,427,0,0
289,1775481439221,7.732,5057,453,0,1
290,1775481439513,7.661,5093,466,0,0
291,1775481439881,8.777,5063,439,0,2
292,1775481440230,7.929,5033,384,0,0
293,1775481440552,8.344,5051,398,0,1
294,1775481440882,8.438,5083,454,0,1
295,1775481442269,10.057,5039,419,0,1
296,1775481442600,10.127,5080,444,0,0
297,1775481442922,10.294,5111,485,0,0
298,1775481443274,10.700,5093,508,0,2
299,1775481443656,10.128,5120,478,0,0
300,1775481445245,10.284,5025,400,0,3
301,1775481445574,9.593,5056,428,0,0
302,1775481445928,10.958,5114,466,0,0
303,1775481446396,9.963,5079,407,0,2
304,1775481446718,9.465,5128,433,0,0
305,1775481447144,9.397,5102,394,0,1
306,1775481447531,8.471,5080,422,0,2
307,1775481447788,7.746,5095,426,0,1
308,1775481448180,8.463,5113,427,0,0
309,1775481448506,7.876,5122,456,0,2
310,1775481448825,7.608,5146,460,0,1
311,1775481449141,7.338,5164,437,0,0
312,1775481449451,7.875,5128,417,0,1
313,1775481449756,8.483,5170,454,0,1
314,1775481451858,10.732,5163,485,0,1
315,1775481452274,10.348,5195,542,0,1
316,1775481453741,12.458,5157,448,0,1
317,1775481454342,9.562,5160,446,0,1
318,1775481454646,9.600,5180,424,0,1
319,1775481455023,9.121,5215,431,0,0
320,1775481455494,10.396,5220,419,0,0
321,1775481455819,8.616,5217,444,0,1
322,1775481456158,8.063,5233,475,0,1
323,1775481456514,7.677,5206,416,0,1
324,1775481456897,7.971,5214,443,0,0
325,1775481457267,7.253,5199,388,0,1
326,1775481457567,7.495,5215,433,0,2
327,1775481457904,8.004,5243,450,0,0
328,1775481458206,8.790,5236,477,0,3
329,1775481458513,8.326,5174,383,0,1
330,1775481459043,9.175,5160,407,0,0
331,1775481459450,9.253,5143,424,0,2
332,1775481460285,10.065,5206,491,0,0
333,1775481460608,9.850,5228,482,0,1
334,1775481460956,9.846,5238,474,0,1
335,1775481462040,10.736,5225,457,0,1
336,1775481462389,10.260,5226,440,0,2
337,1775481462832,10.248,5222,437,0,1
338,1775481463334,12.419,5217,404,0,1
339,1775481464138,10.062,5209,378,0,1
340,1775481464488,8.600,5219,443,0,1
341,1775481465198,7.884,5216,425,0,1
342,1775481465537,7.842,5223,469,0,2
343,1775481465969,7.560,5260,496,0,1
344,1775481466512,9.952,5183,355,0,1
345,1775481466856,8.159,5219,430,0,1
346,1775481467285,9.008,5202,420,0,0
347,1775481467667,9.749,5192,433,0,1
348,1775481468337,10.354,5173,438,0,0
349,1775481468677,10.554,5191,472,0,1
350,1775481469058,11.116,5168,448,0,2
351,1775481470525,9.896,5170,405,0,0
352,1775481470926,9.588,5166,445,0,1
353,1775481471238,9.606,5165,424,0,2
354,1775481471551,9.731,5175,387,0,0
355,1775481471884,10.194,5189,387,0,1
356,1775481472248,9.654,5234,444,0,1
357,1775481472608,9.456,5205,469,0,3
358,1775481473186,7.370,5189,466,0,2
359,1775481473465,7.165,5168,460,0,1
360,1775481473727,7.633,5218,488,0,0
361,1775481474059,7.462,5231,484,0,0
362,1775481474636,8.056,5246,449,0,1
363,1775481475041,8.363,5238,468,0,3
364,1775481475386,8.607,5243,481,0,0
365,1775481475726,9.048,5267,515,0,1
366,1775481476407,9.396,5267,505,0,1
367,1775481476828,9.365,5292,507,0,1
368,1775481477185,10.348,5299,514,0,1
369,1775481477516,10.488,5316,510,0,0
370,1775481477853,9.855,5356,530,0,0
371,1775481478356,11.667,5297,485,0,3
372,1775481479356,10.833,5303,421,0,1
373,1775481479638,9.933,5327,446,0,0
374,1775481479986,9.898,5357,463,0,0
375,1775481480489,9.802,5362,439,0,2
376,1775481480798,8.918,5364,414,0,0
377,1775481481114,9.149,5336,425,0,1
378,1775481481498,8.402,5392,477,0,0
379,1775481481954,7.971,5352,436,0,1
380,1775481482312,7.536,5383,477,0,1
381,1775481482638,8.985,5383,507,0,0
382,1775481482947,7.924,5396,474,0,1
383,1775481483496,8.177,5334,424,0,1
384,1775481483984,9.448,5331,400,0,1
385,1775481484304,9.321,5327,436,0,1
386,1775481484940,9.776,5326,469,0,0
387,1775481485392,10.536,5341,464,0,1
388,1775481485734,11.199,5356,490,0,0
389,1775481486128,10.126,5397,511,0,3
390,1775481486494,10.835,5405,508,0,0
391,1775481487413,10.111,5403,456,0,0
392,1775481487805,9.979,5428,453,0,0
393,1775481488230,10.363,5445,492,0,0
394,1775481488667,9.960,5428,415,0,1
395,1775481489258,9.868,5477,466,0,0
396,1775481489624,9.396,5436,440,0,3
397,1775481490355,8.319,5418,429,0,1
398,1775481490823,8.310,5487,540,0,0
399,1775481491162,8.768,5456,492,0,2
400,1775481491614,8.618,5440,413,0,1
401,1775481491951,9.242,5461,478,0,2
402,1775481492639,9.849,5398,467,0,2
403,1775481493312,10.080,5405,488,0,0
404,1775481494047,10.743,5370,493,0,2
405,1775481494473,9.652,5418,516,0,1
406,1775481495984,11.554,5320,445,0,2
407,1775481496373,10.539,5325,419,0,0
408,1775481496799,11.062,5352,406,0,0
409,1775481497194,10.423,5320,420,0,2
410,1775481497551,9.416,5333,452,0,1
411,1775481497905,8.659,5337,439,0,1
412,1775481498292,8.677,5339,469,0,2
413,1775481498792,8.398,5339,481,0,2
414,1775481499151,8.578,5369,485,0,1
415,1775481500370,9.470,5273,470,0,2
416,1775481500740,9.978,5284,447,0,0
417,1775481501174,10.424,5335,479,0,0
418,1775481502450,10.019,5333,479,0,1
419,1775481502907,10.595,5311,443,0,1
420,1775481503596,11.464,5306,428,0,1
421,1775481504037,9.845,5313,475,0,1
422,1775481504413,11.028,5350,473,0,0
423,1775481504837,10.944,5334,415,0,1
424,1775481505229,9.716,5323,388,0,1
425,1775481505587,8.633,5310,348,0,1
426,1775481505911,8.279,5330,355,0,0
427,1775481506279,7.841,5373,493,0,1
428,1775481506638,8.528,5364,471,0,2
429,1775481506976,8.061,5321,437,0,1
430,1775481507353,8.468,5278,325,0,1
431,1775481507700,8.108,5195,284,0,2
432,1775481508019,9.189,5179,305,0,2
433,1775481508338,9.104,5232,345,0,0
434,1775481508655,7.273,5298,411,0,0
435,1775481508952,6.649,5334,371,0,1
436,1775481509198,6.520,5278,303,0,1
437,1775481509484,7.204,5285,264,0,0
438,1775481509768,7.267,5283,287,0,0
439,1775481510095,8.067,5364,431,0,1
440,1775481510468,7.926,5379,426,0,1
441,1775481510788,7.159,5336,408,0,1
442,1775481511152,8.905,5325,423,0,1
443,1775481511587,9.339,5306,414,0,0
444,1775481511932,8.525,5355,383,0,0
445,1775481512406,7.005,5329,380,0,2
446,1775481512719,6.422,5303,275,0,1
447,1775481513046,7.591,5306,279,0,0
448,1775481513339,8.992,5359,407,0,1
449,1775481513709,7.820,5415,445,0,0
450,1775481514030,7.167,5374,367,0,0
