timestamp_s,frame_id,tracking_state,feature_pts,inlier_matches,tracked_mps
5.771361,112,OK,1003,497,497
5.821251,113,OK,1002,422,422
5.872524,114,OK,1004,424,424
5.924870,115,OK,1001,488,488
6.028746,117,OK,1005,479,479
6.131991,119,OK,1003,539,539
6.183636,120,OK,1001,542,542
6.235315,121,OK,1004,552,552
6.338139,123,OK,1001,550,550
6.389667,124,OK,1003,545,545
6.494180,126,OK,1003,559,559
6.596249,128,OK,1002,563,563
6.647299,129,OK,1001,511,511
6.750834,131,OK,1006,561,561
6.802497,132,OK,1002,541,541
6.905812,134,OK,1004,566,566
6.957308,135,OK,1003,561,561
7.009335,136,OK,1005,553,553
7.060584,137,OK,1001,543,543
7.112765,138,OK,1005,540,540
7.164369,139,OK,1005,546,546
7.215844,140,OK,1006,512,512
7.267417,141,OK,1004,513,513
7.318378,142,OK,1004,522,522
7.369831,143,OK,1004,532,532
7.473120,145,OK,994,525,525
7.524799,146,OK,1003,472,472
7.576329,147,OK,988,464,464
7.628732,148,OK,992,484,484
7.680017,149,OK,1001,478,478
7.731608,150,OK,995,478,478
7.783003,151,OK,995,458,458
7.833741,152,OK,984,441,441
7.885283,153,OK,988,444,444
7.989281,155,OK,982,459,459
8.041132,156,OK,984,468,468
8.144563,158,OK,985,447,447
8.247931,160,OK,985,450,450
8.402882,163,OK,978,451,451
8.454820,164,OK,979,478,478
8.506143,165,OK,981,488,488
8.557613,166,OK,978,488,488
8.660711,168,OK,974,454,454
8.763752,170,OK,982,434,434
8.866708,172,OK,985,431,431
8.970108,174,OK,980,422,422
9.074118,176,OK,997,402,402
9.177333,178,OK,993,396,396
9.280964,180,OK,1002,381,381
9.334186,181,OK,1005,411,411
9.436463,183,OK,1000,390,390
9.540378,185,OK,1005,383,383
9.643112,187,OK,1005,380,380
9.746515,189,OK,1008,401,401
9.849931,191,OK,1009,388,388
9.953469,193,OK,1007,385,385
10.057077,195,OK,1007,355,355
10.160682,197,OK,1009,347,347
10.264002,199,OK,1009,376,376
10.367500,201,OK,1008,332,332
10.470899,203,OK,1009,355,355
10.574735,205,OK,1009,364,364
10.678048,207,OK,1002,362,362
10.781564,209,OK,1008,368,368
10.936941,212,OK,1006,392,392
11.092206,215,OK,1008,436,436
11.196307,217,OK,1006,444,444
11.299823,219,OK,1005,415,415
11.454975,222,OK,1006,432,432
11.662750,226,OK,1009,438,438
11.765623,228,OK,1007,467,467
11.869321,230,OK,1007,471,471
11.972523,232,OK,1008,464,464
12.076447,234,OK,1006,448,448
12.180267,236,OK,1005,433,433
12.284197,238,OK,1008,431,431
12.387222,240,OK,1005,433,433
12.490765,242,OK,1009,417,417
12.593920,244,OK,1006,408,408
12.697708,246,OK,1006,424,424
12.801385,248,OK,1005,442,442
12.905523,250,OK,1006,451,451
13.009422,252,OK,1008,456,456
13.113074,254,OK,1006,461,461
13.216171,256,OK,1004,450,450
13.319850,258,OK,1006,466,466
13.475867,261,OK,1005,446,446
13.578175,263,OK,1003,444,444
13.682184,265,OK,1006,444,444
13.785608,267,OK,1007,438,438
13.888593,269,OK,1011,410,410
13.992433,271,OK,1004,414,414
14.251356,276,OK,1007,395,395
14.355019,278,OK,1006,382,382
14.458296,280,OK,1010,377,377
14.561618,282,OK,1007,394,394
14.716647,285,OK,1008,384,384
14.821401,287,OK,1005,401,401
14.925082,289,OK,1006,401,401
15.028395,291,OK,1003,406,406
15.131945,293,OK,1012,380,380
15.235615,295,OK,1006,356,356
15.339425,297,OK,1002,364,364
15.442950,299,OK,1005,362,362
15.546684,301,OK,1004,347,347
15.754090,305,OK,1005,347,347
16.011970,310,OK,1010,336,336
16.169752,313,OK,1006,363,363
16.272944,315,OK,1010,371,371
16.376879,317,OK,1005,392,392
16.480661,319,OK,1002,390,390
16.584843,321,OK,1006,377,377
16.688819,323,OK,1005,383,383
16.792852,325,OK,1005,396,396
16.896409,327,OK,1008,422,422
17.000731,329,OK,1004,419,419
17.156990,332,OK,1008,433,433
17.467894,338,OK,1006,443,443
17.571674,340,OK,1009,466,466
17.675617,342,OK,1003,458,458
17.779009,344,OK,1004,428,428
17.882571,346,OK,1006,418,418
18.038018,349,OK,1002,423,423
18.141436,351,OK,1010,421,421
18.245379,353,OK,1005,417,417
18.349302,355,OK,1005,415,415
18.504729,358,OK,1003,394,394
18.660614,361,OK,1002,397,397
18.816295,364,OK,1010,399,399
18.972048,367,OK,1005,384,384
19.128571,370,OK,1007,381,381
19.284627,373,OK,1008,351,351
19.492094,377,OK,1005,373,373
19.699315,381,OK,1007,398,398
19.854579,384,OK,1004,376,376
20.010096,387,OK,1004,368,368
20.165230,390,OK,1003,371,371
20.320651,393,OK,1004,347,347
20.476171,396,OK,1003,353,353
20.631920,399,OK,1008,336,336
20.787735,402,OK,1004,347,347
20.943055,405,OK,1004,331,331
21.099708,408,OK,1004,375,375
21.254419,411,OK,1008,379,379
21.462148,415,OK,1005,379,379
21.670282,419,OK,1004,367,367
21.876846,423,OK,1005,386,386
22.084726,427,OK,1004,376,376
22.292405,431,OK,1005,375,375
22.500822,435,OK,1004,378,378
22.709139,439,OK,1003,404,404
22.916803,443,OK,1000,426,426
23.123753,447,OK,1000,368,368
23.331406,451,OK,1002,367,367
23.541215,455,OK,1000,371,371
23.747891,459,OK,1001,322,322
24.008270,464,OK,1006,283,283
24.268249,469,OK,1007,302,302
24.683635,477,OK,1005,337,337
24.994617,483,OK,1008,298,298
25.201697,487,OK,1004,311,311
25.409302,491,OK,1005,349,349
25.616747,495,OK,1007,339,339
25.824419,499,OK,1005,309,309
26.032830,503,OK,1009,314,314
26.241292,507,OK,1005,347,347
26.656098,515,OK,1007,370,370
26.864892,519,OK,1008,401,401
27.070997,523,OK,1005,419,419
27.278259,527,OK,1005,397,397
27.483957,531,OK,1003,357,357
27.743620,536,OK,1007,335,335
28.001644,541,OK,1004,298,298
28.260908,546,OK,1005,316,316
28.623388,553,OK,1004,345,345
28.882544,558,OK,1004,375,375
29.193626,564,OK,1002,403,403
29.556470,571,OK,1008,435,435
29.816290,576,OK,1002,461,461
30.075587,581,OK,1005,429,429
30.490285,589,OK,1007,449,449
30.747082,594,OK,1008,421,421
30.954130,598,OK,1008,388,388
31.162256,602,OK,1011,339,339
31.419834,607,OK,1002,289,289
31.574258,610,OK,1009,248,248
31.729204,613,OK,1008,233,233
31.884596,616,OK,1008,244,244
32.091917,620,OK,1006,268,268
32.506917,628,OK,1005,284,284
32.713859,632,OK,1002,306,306
33.025125,638,OK,1004,327,327
33.387422,645,OK,1006,350,350
33.646721,650,OK,1003,365,365
33.750731,652,OK,1005,375,375
33.907010,655,OK,1004,390,390
34.062674,658,OK,1007,378,378
34.166319,660,OK,1008,401,401
34.320873,663,OK,1008,374,374
34.476391,666,OK,1004,369,369
34.632222,669,OK,1003,383,383
34.788725,672,OK,1007,377,377
34.996558,676,OK,1006,380,380
35.409958,684,OK,1007,441,441
35.720801,690,OK,1007,415,415
36.082235,697,OK,1006,367,367
36.393486,703,OK,1008,339,339
37.222229,719,OK,1007,392,392
37.585170,726,OK,1009,398,398
37.896500,732,OK,1005,437,437
38.208461,738,OK,1005,383,383
38.519516,744,OK,1002,308,308
38.831070,750,OK,1004,348,348
39.089706,755,OK,1005,367,367
39.349485,760,OK,1004,387,387
39.660413,766,OK,1004,382,382
39.919556,771,OK,994,375,375
40.229474,777,OK,978,314,314
40.540296,783,OK,955,280,280
40.798395,788,OK,903,258,258
41.108558,794,OK,904,243,243
41.314333,798,OK,832,234,234
41.469771,801,OK,879,296,296
41.675890,805,OK,873,319,319
41.830792,808,OK,843,347,347
41.985482,811,OK,846,351,351
42.140840,814,OK,837,356,356
42.294491,817,OK,813,353,353
42.449361,820,OK,810,330,330
42.602956,823,OK,811,305,305
42.757826,826,OK,806,313,313
42.912155,829,OK,827,330,330
43.066445,832,OK,816,313,313
43.220445,835,OK,785,309,309
43.374489,838,OK,780,315,315
43.528732,841,OK,769,335,335
43.683138,844,OK,785,353,353
43.837367,847,OK,796,364,364
43.991262,850,OK,811,327,327
44.145344,853,OK,784,334,334
44.299860,856,OK,835,289,289
44.454355,859,OK,833,290,290
44.608807,862,OK,891,282,282
44.764457,865,OK,887,285,285
44.971179,869,OK,910,312,312
45.176753,873,OK,903,332,332
45.383009,877,OK,902,345,345
45.591667,881,OK,916,319,319
45.848116,886,OK,941,320,320
46.107047,891,OK,978,305,305
46.365949,896,OK,991,325,325
46.676133,902,OK,1003,335,335
46.935186,907,OK,1002,318,318
47.195144,912,OK,1003,310,310
47.453845,917,OK,1006,321,321
47.712863,922,OK,1005,250,250
47.973699,927,OK,1006,262,262
48.178380,931,OK,1004,269,269
48.488078,937,OK,1009,301,301
48.693166,941,OK,1003,305,305
48.901306,945,OK,1009,312,312
49.056943,948,OK,1006,322,322
49.212576,951,OK,1008,309,309
49.675729,960,OK,1006,321,321
49.882089,964,OK,1005,355,355
50.141286,969,OK,1004,371,371
50.348080,973,OK,1007,349,349
50.606202,978,OK,1007,313,313
50.864961,983,OK,1006,276,276
51.122703,988,OK,1004,243,243
51.329390,992,OK,1003,241,241
51.639562,998,OK,1005,271,271
51.846017,1002,OK,1000,268,268
52.053293,1006,OK,1000,260,260
52.208868,1009,OK,1001,227,227
52.415479,1013,OK,1003,242,242
52.622245,1017,OK,1003,214,214
52.984243,1024,OK,997,264,264
53.656446,1037,OK,1005,289,289
54.638231,1056,OK,1009,299,299
54.896666,1061,OK,1006,319,319
55.155880,1066,OK,1005,349,349
55.414670,1071,OK,1004,348,348
55.672846,1076,OK,1003,364,364
55.931776,1081,OK,1001,353,353
56.137833,1085,OK,1004,369,369
56.397198,1090,OK,1004,372,372
56.655475,1095,OK,1003,366,366
56.914387,1100,OK,1006,368,368
57.173959,1105,OK,1001,340,340
57.432373,1110,OK,1001,339,339
57.743077,1116,OK,1003,350,350
58.054545,1122,OK,1007,363,363
58.470385,1130,OK,1004,387,387
58.832862,1137,OK,1007,424,424
59.196732,1144,OK,1004,405,405
59.557102,1151,OK,1008,446,446
59.922676,1158,OK,1008,471,471
60.388723,1167,OK,1003,437,437
60.802960,1175,OK,1008,421,421
61.218103,1183,OK,1004,407,407
61.633556,1191,OK,1003,393,393
62.047843,1199,OK,1004,322,322
62.463380,1207,OK,1010,348,348
62.876440,1215,OK,1008,329,329
63.290893,1223,OK,1007,307,307
63.704819,1231,OK,1005,342,342
64.119960,1239,OK,1005,300,300
64.484197,1246,OK,1006,317,317
64.897673,1254,OK,1004,288,288
65.312655,1262,OK,1003,284,284
65.831007,1272,OK,1005,242,242
66.191892,1279,OK,1003,253,253
66.606925,1287,OK,1004,267,267
67.022264,1295,OK,1002,254,254
67.437268,1303,OK,1003,275,275
67.852784,1311,OK,1002,292,292
68.214196,1318,OK,1004,285,285
68.679853,1327,OK,996,276,276
69.092958,1335,OK,989,250,250
69.559197,1344,OK,992,295,295
69.972583,1352,OK,1002,308,308
70.385561,1360,OK,1005,290,290
70.747450,1367,OK,1002,285,285
71.056698,1373,OK,1005,294,294
71.418489,1380,OK,1002,313,313
71.730700,1386,OK,1003,349,349
72.095302,1393,OK,1006,348,348
72.508569,1401,OK,1003,322,322
72.975093,1410,OK,1001,314,314
73.389000,1418,OK,1001,276,276
73.856821,1427,OK,1001,287,287
74.376005,1437,OK,989,312,312
74.999373,1449,OK,962,352,352
75.568221,1460,OK,1002,378,378
76.138211,1471,OK,967,349,349
76.659267,1481,OK,961,359,359
77.228241,1492,OK,969,262,262
77.695182,1501,OK,956,283,283
78.110339,1509,OK,992,310,310
78.526141,1517,OK,1004,334,334
78.993876,1526,OK,1005,348,348
79.408974,1534,OK,1001,380,380
79.823755,1542,OK,1005,360,360
80.238138,1550,OK,1010,369,369
80.652606,1558,OK,1005,367,367
81.068264,1566,OK,1006,370,370
81.481860,1574,OK,1004,365,365
81.895620,1582,OK,1006,330,330
82.258586,1589,OK,1004,333,333
82.620525,1596,OK,1003,356,356
82.981807,1603,OK,1003,339,339
83.343398,1610,OK,1004,378,378
83.706286,1617,OK,1004,403,403
84.068508,1624,OK,1005,424,424
84.481984,1632,OK,1004,434,434
84.844268,1639,OK,996,363,363
85.203905,1646,OK,945,309,309
85.513837,1652,OK,916,280,280
85.822313,1658,OK,906,297,297
86.080082,1663,OK,905,288,288
86.337948,1668,OK,893,336,336
86.648042,1674,OK,875,308,308
86.956844,1680,OK,878,262,262
87.215075,1685,OK,898,255,255
87.525445,1691,OK,908,281,281
87.783412,1696,OK,928,321,321
87.991701,1700,OK,919,316,316
88.248738,1705,OK,869,307,307
88.505879,1710,OK,889,237,237
88.713903,1714,OK,905,247,247
88.920560,1718,OK,929,272,272
89.127490,1722,OK,891,273,273
89.334525,1726,OK,851,293,293
89.540346,1730,OK,794,291,291
89.746784,1734,OK,805,268,268
89.953371,1738,OK,854,255,255
90.160758,1742,OK,904,235,235
90.314905,1745,OK,879,281,281
90.522987,1749,OK,843,282,282
90.728198,1753,OK,769,276,276
90.934542,1757,OK,833,296,296
91.192427,1762,OK,850,244,244
91.449309,1767,OK,828,189,189
91.655490,1771,OK,766,192,192
91.861209,1775,OK,758,184,184
92.118550,1780,OK,682,193,193
92.376137,1785,OK,737,206,206
92.635511,1790,OK,843,229,229
92.945405,1796,OK,916,239,239
93.256830,1802,OK,961,301,301
93.722295,1811,OK,933,328,328
94.136152,1819,OK,945,285,285
94.602879,1828,OK,967,345,345
95.069816,1837,OK,990,374,374
95.639366,1848,OK,1005,348,348
96.366719,1862,OK,1004,370,370
97.093241,1876,OK,1006,361,361
97.820922,1890,OK,1011,341,341
98.601680,1905,OK,1007,346,346
99.432512,1921,OK,1006,354,354
100.106167,1934,OK,1003,359,359
100.938536,1950,OK,1006,392,392
101.821060,1967,OK,1007,396,396
102.755756,1985,OK,1005,427,427
103.638009,2002,OK,999,400,400
104.313457,2015,OK,980,378,378
105.039574,2029,OK,989,394,394
105.662338,2041,OK,952,326,326
106.231068,2052,OK,901,305,305
106.642349,2060,OK,786,222,222
107.002689,2067,OK,775,235,235
107.312700,2073,OK,808,255,255
107.622768,2079,OK,766,234,234
107.933630,2085,OK,799,257,257
108.452529,2095,OK,936,274,274
109.073963,2107,OK,958,296,296
109.957110,2124,OK,989,342,342
110.528281,2135,OK,973,325,325
111.097305,2146,OK,959,339,339
111.614968,2156,OK,962,312,312
112.132865,2166,OK,957,319,319
112.807531,2179,OK,971,362,362
113.326306,2189,OK,980,385,385
113.845483,2199,OK,987,389,389
114.363528,2209,OK,953,363,363
114.883370,2219,OK,993,396,396
115.819656,2237,OK,1010,416,416
116.700330,2254,OK,1008,413,413
117.527159,2270,OK,1004,420,420
118.304571,2285,OK,1003,441,441
119.394470,2306,OK,1007,424,424
120.275364,2323,OK,1005,403,403
121.158705,2340,OK,1008,406,406
121.990572,2356,OK,1007,419,419
122.819405,2372,OK,1006,445,445
123.701681,2389,OK,983,375,375
124.429885,2403,OK,994,386,386
125.208019,2418,OK,998,386,386
125.933552,2432,OK,1008,334,334
126.506522,2443,OK,1005,324,324
127.128626,2455,OK,1009,299,299
127.493443,2462,OK,1010,321,321
127.804536,2468,OK,1008,353,353
128.117122,2474,OK,1007,346,346
128.426395,2480,OK,1006,335,335
128.687097,2485,OK,1005,384,384
128.944813,2490,OK,1004,385,385
129.207024,2495,OK,1003,409,409
129.464991,2500,OK,1005,383,383
129.984115,2510,OK,1006,398,398
130.243714,2515,OK,1007,405,405
130.865971,2527,OK,1002,401,401
131.229746,2534,OK,1004,414,414
131.490003,2539,OK,1005,424,424
131.748456,2544,OK,1004,366,366
132.061251,2550,OK,1007,324,324
132.422126,2557,OK,1008,247,247
132.837009,2565,OK,1002,199,199
133.250350,2573,OK,1006,199,199
133.613235,2580,OK,1001,160,160
134.079825,2589,OK,1002,191,191
134.491692,2597,OK,1004,158,158
134.904321,2605,OK,1002,155,155
135.317154,2613,OK,1000,166,166
135.782468,2622,OK,1004,171,171
136.246537,2631,OK,1004,141,141
136.708883,2640,OK,1002,155,155
137.069950,2647,OK,957,154,154
137.483161,2655,OK,974,166,166
138.051295,2666,OK,958,137,137
138.724911,2679,OK,934,120,120
139.238811,2689,OK,946,142,142
139.808315,2700,OK,983,149,149
140.377575,2711,OK,1006,210,210
141.153921,2726,OK,1003,220,220
141.883885,2740,OK,1008,367,367
142.661498,2755,OK,1004,398,398
143.337312,2768,OK,1004,405,405
143.958710,2780,OK,1006,416,416
144.583034,2792,OK,1005,380,380
145.204137,2804,OK,1007,337,337
145.876144,2817,OK,981,127,127
146.394426,2827,OK,986,136,136
146.961924,2838,OK,973,93,93
147.427233,2847,OK,964,54,54
147.737219,2853,OK,954,62,62
148.048339,2859,OK,940,58,58
148.360316,2865,OK,953,60,60
148.619381,2870,OK,943,66,66
149.815140,2893,OK,955,67,67
